-- phpMyAdmin SQL Dump
-- version 5.2.0
-- https://www.phpmyadmin.net/
--
-- Servidor: localhost
-- Tiempo de generación: 04-05-2023 a las 16:37:52
-- Versión del servidor: 10.4.24-MariaDB
-- Versión de PHP: 8.1.6

SET SQL_MODE = "NO_AUTO_VALUE_ON_ZERO";
START TRANSACTION;
SET time_zone = "+00:00";


/*!40101 SET @OLD_CHARACTER_SET_CLIENT=@@CHARACTER_SET_CLIENT */;
/*!40101 SET @OLD_CHARACTER_SET_RESULTS=@@CHARACTER_SET_RESULTS */;
/*!40101 SET @OLD_COLLATION_CONNECTION=@@COLLATION_CONNECTION */;
/*!40101 SET NAMES utf8mb4 */;

--
-- Base de datos: `gesticolmenar`
--

-- --------------------------------------------------------

--
-- Estructura de tabla para la tabla `apiaries`
--

CREATE TABLE `apiaries` (
  `id` bigint(20) UNSIGNED NOT NULL,
  `user_id` bigint(20) UNSIGNED NOT NULL,
  `place_id` bigint(20) UNSIGNED NOT NULL,
  `last_visit` date DEFAULT NULL,
  `next_visit` date DEFAULT NULL,
  `beehives_quantity` int(11) NOT NULL,
  `clear_apiary` tinyint(1) NOT NULL,
  `refill_water` tinyint(1) NOT NULL,
  `collect_honey` tinyint(1) NOT NULL,
  `collect_pollen` tinyint(1) NOT NULL,
  `collect_apitoxine` tinyint(1) NOT NULL,
  `food` tinyint(1) NOT NULL,
  `others` text COLLATE utf8mb4_unicode_ci DEFAULT NULL,
  `created_at` timestamp NULL DEFAULT NULL,
  `updated_at` timestamp NULL DEFAULT NULL
) ENGINE=InnoDB DEFAULT CHARSET=utf8mb4 COLLATE=utf8mb4_unicode_ci;

--
-- Volcado de datos para la tabla `apiaries`
--

INSERT INTO `apiaries` (`id`, `user_id`, `place_id`, `last_visit`, `next_visit`, `beehives_quantity`, `clear_apiary`, `refill_water`, `collect_honey`, `collect_pollen`, `collect_apitoxine`, `food`, `others`, `created_at`, `updated_at`) VALUES
(1, 1, 1, '2023-04-23', '2023-04-25', 0, 1, 1, 0, 0, 0, 0, 'Et delectus ut quasi. Minus autem quo odit atque tenetur et adipisci.', '2023-04-23 07:27:34', '2023-04-26 15:50:42'),
(2, 1, 2, '2023-04-23', '2023-05-07', 0, 0, 1, 1, 1, 0, 1, 'Sed minima dolores quos et repellendus officiis. Ea consequatur necessitatibus aperiam ut.', '2023-04-23 07:27:34', '2023-04-23 07:27:34'),
(3, 1, 3, '2023-04-23', '2023-05-12', 0, 0, 1, 1, 0, 0, 0, 'Possimus iure unde cupiditate ipsa dicta. Qui non odio ut quia. Ullam laboriosam velit et rerum.', '2023-04-23 07:27:34', '2023-04-23 07:27:34'),
(4, 1, 4, '2023-04-23', '2023-04-25', 0, 0, 0, 1, 0, 0, 0, 'Dolore exercitationem quo eligendi id. Et a nihil quos fugit cumque. Saepe omnis aut et id.', '2023-04-23 07:27:34', '2023-04-26 13:08:45'),
(5, 1, 5, '2023-04-23', '2023-05-11', 0, 0, 1, 1, 1, 1, 1, 'Ab rem rem aut dolores nemo. Voluptatem necessitatibus ut hic eum ut. Magnam nam voluptate dolor.', '2023-04-23 07:27:34', '2023-04-23 07:27:34'),
(6, 1, 6, '2023-04-23', '2023-03-28', 0, 1, 1, 1, 1, 1, 0, 'Animi qui quidem id voluptate. Excepturi voluptate magnam quos voluptatibus omnis facere.', '2023-04-23 07:27:34', '2023-05-01 07:45:45'),
(7, 3, 7, '2023-05-01', '2023-04-30', 0, 0, 0, 1, 0, 0, 0, NULL, '2023-05-01 07:32:08', '2023-05-01 07:34:14'),
(8, 1, 8, NULL, NULL, 0, 0, 0, 0, 0, 0, 0, NULL, '2023-05-01 07:45:27', '2023-05-01 07:45:27');

-- --------------------------------------------------------

--
-- Estructura de tabla para la tabla `beehives`
--

CREATE TABLE `beehives` (
  `id` bigint(20) UNSIGNED NOT NULL,
  `user_id` bigint(20) UNSIGNED NOT NULL,
  `apiary_id` bigint(20) UNSIGNED NOT NULL,
  `queen_id` bigint(20) UNSIGNED NOT NULL,
  `user_code` varchar(255) COLLATE utf8mb4_unicode_ci NOT NULL,
  `type` varchar(255) COLLATE utf8mb4_unicode_ci NOT NULL,
  `honey_frames` int(11) NOT NULL,
  `pollen_frames` int(11) NOT NULL,
  `brood_frames` int(11) NOT NULL,
  `created_at` timestamp NULL DEFAULT NULL,
  `updated_at` timestamp NULL DEFAULT NULL
) ENGINE=InnoDB DEFAULT CHARSET=utf8mb4 COLLATE=utf8mb4_unicode_ci;

--
-- Volcado de datos para la tabla `beehives`
--

INSERT INTO `beehives` (`id`, `user_id`, `apiary_id`, `queen_id`, `user_code`, `type`, `honey_frames`, `pollen_frames`, `brood_frames`, `created_at`, `updated_at`) VALUES
(3, 1, 1, 3, '1139999', 'Langstroth', 4, 3, 3, '2023-04-23 07:27:34', '2023-05-01 07:52:04'),
(4, 1, 1, 4, '114', 'Langstroth', 3, 3, 4, '2023-04-23 07:27:34', '2023-04-23 07:27:34'),
(6, 1, 1, 6, '116', 'Langstroth', 3, 3, 4, '2023-04-23 07:27:34', '2023-04-23 07:27:34'),
(7, 1, 1, 7, '117', 'Langstroth', 3, 3, 4, '2023-04-23 07:27:34', '2023-04-23 07:27:34'),
(8, 1, 1, 8, '118', 'Langstroth', 6, 2, 2, '2023-04-23 07:27:34', '2023-04-23 07:27:34'),
(9, 1, 1, 9, '119', 'Langstroth', 6, 2, 2, '2023-04-23 07:27:34', '2023-04-23 07:27:34'),
(10, 1, 1, 10, '1110', 'Langstroth', 5, 2, 3, '2023-04-23 07:27:34', '2023-04-23 07:27:34'),
(11, 1, 1, 11, '1111', 'Langstroth', 4, 3, 3, '2023-04-23 07:27:34', '2023-04-23 07:27:34'),
(12, 1, 1, 12, '1112', 'Langstroth', 4, 3, 3, '2023-04-23 07:27:34', '2023-04-23 07:27:34'),
(13, 1, 1, 13, '1113', 'Langstroth', 4, 3, 3, '2023-04-23 07:27:34', '2023-04-23 07:27:34'),
(14, 1, 1, 14, '1114', 'Langstroth', 6, 2, 2, '2023-04-23 07:27:34', '2023-04-23 07:27:34'),
(15, 1, 1, 15, '1115', 'Langstroth', 4, 3, 3, '2023-04-23 07:27:34', '2023-04-23 07:27:34'),
(16, 1, 1, 16, '1116', 'Langstroth', 3, 3, 4, '2023-04-23 07:27:34', '2023-04-23 07:27:34'),
(17, 1, 1, 17, '1117', 'Langstroth', 6, 2, 2, '2023-04-23 07:27:34', '2023-04-23 07:27:34'),
(18, 1, 1, 18, '1118', 'Langstroth', 5, 2, 3, '2023-04-23 07:27:34', '2023-04-23 07:27:34'),
(19, 1, 1, 19, '1119', 'Langstroth', 6, 2, 2, '2023-04-23 07:27:34', '2023-04-23 07:27:34'),
(20, 1, 1, 20, '1120', 'Langstroth', 5, 2, 3, '2023-04-23 07:27:34', '2023-04-23 07:27:34'),
(21, 1, 2, 21, '1221', 'Dadant', 4, 3, 3, '2023-04-23 07:27:34', '2023-04-23 07:27:34'),
(22, 1, 2, 22, '1222', 'Dadant', 4, 3, 3, '2023-04-23 07:27:34', '2023-04-23 07:27:34'),
(23, 1, 2, 23, '1223', 'Dadant', 4, 3, 3, '2023-04-23 07:27:34', '2023-04-23 07:27:34'),
(24, 1, 2, 24, '1224', 'Dadant', 6, 2, 2, '2023-04-23 07:27:34', '2023-04-23 07:27:34'),
(25, 1, 2, 25, '1225', 'Dadant', 6, 2, 2, '2023-04-23 07:27:34', '2023-04-23 07:27:34'),
(26, 1, 2, 26, '1226', 'Dadant', 6, 2, 2, '2023-04-23 07:27:34', '2023-04-23 07:27:34'),
(27, 1, 2, 27, '1227', 'Dadant', 6, 2, 2, '2023-04-23 07:27:34', '2023-04-23 07:27:34'),
(28, 1, 2, 28, '1228', 'Dadant', 4, 3, 3, '2023-04-23 07:27:34', '2023-04-23 07:27:34'),
(29, 1, 2, 29, '1229', 'Dadant', 5, 2, 3, '2023-04-23 07:27:34', '2023-04-23 07:27:34'),
(30, 1, 2, 30, '1230', 'Dadant', 6, 2, 2, '2023-04-23 07:27:34', '2023-04-23 07:27:34'),
(31, 1, 3, 31, '1331', 'Layens', 6, 2, 2, '2023-04-23 07:27:34', '2023-04-23 07:27:34'),
(32, 1, 3, 32, '1332', 'Layens', 3, 3, 4, '2023-04-23 07:27:34', '2023-04-23 07:27:34'),
(33, 1, 3, 33, '1333', 'Layens', 4, 3, 3, '2023-04-23 07:27:34', '2023-04-23 07:27:34'),
(34, 1, 3, 34, '1334', 'Layens', 4, 3, 3, '2023-04-23 07:27:34', '2023-04-23 07:27:34'),
(35, 1, 3, 35, '1335', 'Layens', 3, 3, 4, '2023-04-23 07:27:34', '2023-04-23 07:27:34'),
(36, 1, 4, 36, '1436', 'Layens', 6, 2, 2, '2023-04-23 07:27:34', '2023-04-23 07:27:34'),
(37, 1, 4, 37, '1437', 'Layens', 6, 2, 2, '2023-04-23 07:27:34', '2023-04-23 07:27:34'),
(38, 1, 4, 38, '1438', 'Layens', 5, 2, 3, '2023-04-23 07:27:34', '2023-04-23 07:27:34'),
(39, 1, 4, 39, '1439', 'Layens', 4, 3, 3, '2023-04-23 07:27:34', '2023-04-23 07:27:34'),
(40, 1, 4, 40, '1440', 'Layens', 3, 3, 4, '2023-04-23 07:27:34', '2023-04-23 07:27:34'),
(41, 1, 4, 41, '1441', 'Layens', 3, 3, 4, '2023-04-23 07:27:34', '2023-04-23 07:27:34'),
(42, 1, 4, 42, '1442', 'Layens', 4, 3, 3, '2023-04-23 07:27:34', '2023-04-23 07:27:34'),
(43, 1, 4, 43, '1443', 'Layens', 3, 3, 4, '2023-04-23 07:27:34', '2023-04-23 07:27:34'),
(44, 1, 4, 44, '1444', 'Layens', 5, 2, 3, '2023-04-23 07:27:34', '2023-04-23 07:27:34'),
(45, 1, 4, 45, '1445', 'Layens', 5, 2, 3, '2023-04-23 07:27:34', '2023-04-23 07:27:34'),
(46, 1, 4, 46, '1446', 'Layens', 5, 2, 3, '2023-04-23 07:27:34', '2023-04-23 07:27:34'),
(47, 1, 4, 47, '1447', 'Layens', 3, 3, 4, '2023-04-23 07:27:34', '2023-04-23 07:27:34'),
(48, 1, 4, 48, '1448', 'Layens', 6, 2, 2, '2023-04-23 07:27:34', '2023-04-23 07:27:34'),
(49, 1, 4, 49, '1449', 'Layens', 6, 2, 2, '2023-04-23 07:27:34', '2023-04-23 07:27:34'),
(50, 1, 4, 50, '1450', 'Layens', 6, 2, 2, '2023-04-23 07:27:34', '2023-04-23 07:27:34'),
(51, 1, 5, 51, '1551', 'Layens', 3, 3, 4, '2023-04-23 07:27:34', '2023-04-23 07:27:34'),
(52, 1, 5, 52, '1552', 'Layens', 6, 2, 2, '2023-04-23 07:27:34', '2023-04-23 07:27:34'),
(53, 1, 5, 53, '1553', 'Layens', 3, 3, 4, '2023-04-23 07:27:34', '2023-04-23 07:27:34'),
(54, 1, 5, 54, '1554', 'Layens', 4, 3, 3, '2023-04-23 07:27:34', '2023-04-23 07:27:34'),
(55, 1, 5, 55, '1555', 'Layens', 6, 2, 2, '2023-04-23 07:27:34', '2023-04-23 07:27:34'),
(56, 1, 5, 56, '1556', 'Layens', 3, 3, 4, '2023-04-23 07:27:34', '2023-04-23 07:27:34'),
(57, 1, 5, 57, '1557', 'Layens', 6, 2, 2, '2023-04-23 07:27:34', '2023-04-23 07:27:34'),
(58, 1, 5, 58, '1558', 'Layens', 6, 2, 2, '2023-04-23 07:27:34', '2023-04-23 07:27:34'),
(59, 1, 5, 59, '1559', 'Layens', 6, 2, 2, '2023-04-23 07:27:34', '2023-04-23 07:27:34'),
(60, 1, 5, 60, '1560', 'Layens', 4, 3, 3, '2023-04-23 07:27:34', '2023-04-23 07:27:34'),
(61, 1, 5, 61, '1561', 'Layens', 3, 3, 4, '2023-04-23 07:27:34', '2023-04-23 07:27:34'),
(62, 1, 5, 62, '1562', 'Layens', 5, 2, 3, '2023-04-23 07:27:34', '2023-04-23 07:27:34'),
(63, 1, 5, 63, '1563', 'Layens', 4, 3, 3, '2023-04-23 07:27:34', '2023-04-23 07:27:34'),
(64, 1, 5, 64, '1564', 'Layens', 3, 3, 4, '2023-04-23 07:27:34', '2023-04-23 07:27:34'),
(65, 1, 5, 65, '1565', 'Layens', 3, 3, 4, '2023-04-23 07:27:34', '2023-04-23 07:27:34'),
(66, 1, 5, 66, '1566', 'Layens', 6, 2, 2, '2023-04-23 07:27:34', '2023-04-23 07:27:34'),
(67, 1, 5, 67, '1567', 'Layens', 6, 2, 2, '2023-04-23 07:27:34', '2023-04-23 07:27:34'),
(68, 1, 5, 68, '1568', 'Layens', 4, 3, 3, '2023-04-23 07:27:34', '2023-04-23 07:27:34'),
(69, 1, 5, 69, '1569', 'Layens', 3, 3, 4, '2023-04-23 07:27:34', '2023-04-23 07:27:34'),
(70, 1, 5, 70, '1570', 'Layens', 4, 3, 3, '2023-04-23 07:27:34', '2023-04-23 07:27:34'),
(71, 1, 5, 71, '1571', 'Layens', 6, 2, 2, '2023-04-23 07:27:34', '2023-04-23 07:27:34'),
(72, 1, 5, 72, '1572', 'Layens', 3, 3, 4, '2023-04-23 07:27:34', '2023-04-23 07:27:34'),
(73, 1, 5, 73, '1573', 'Layens', 6, 2, 2, '2023-04-23 07:27:34', '2023-04-23 07:27:34'),
(74, 1, 5, 74, '1574', 'Layens', 6, 2, 2, '2023-04-23 07:27:34', '2023-04-23 07:27:34'),
(75, 1, 5, 75, '1575', 'Layens', 3, 3, 4, '2023-04-23 07:27:34', '2023-04-23 07:27:34'),
(76, 1, 5, 76, '1576', 'Layens', 6, 2, 2, '2023-04-23 07:27:34', '2023-04-23 07:27:34'),
(77, 1, 5, 77, '1577', 'Layens', 6, 2, 2, '2023-04-23 07:27:34', '2023-04-23 07:27:34'),
(78, 1, 5, 78, '1578', 'Layens', 4, 3, 3, '2023-04-23 07:27:34', '2023-04-23 07:27:34'),
(79, 1, 5, 79, '1579', 'Layens', 5, 2, 3, '2023-04-23 07:27:34', '2023-04-23 07:27:34'),
(80, 1, 5, 80, '1580', 'Layens', 4, 3, 3, '2023-04-23 07:27:35', '2023-04-23 07:27:35'),
(81, 1, 6, 81, '1681', 'Layens', 4, 3, 3, '2023-04-23 07:27:35', '2023-04-23 07:27:35'),
(82, 1, 6, 82, '1682', 'Layens', 3, 3, 4, '2023-04-23 07:27:35', '2023-04-23 07:27:35'),
(83, 1, 6, 83, '1683', 'Layens', 3, 3, 4, '2023-04-23 07:27:35', '2023-04-23 07:27:35'),
(84, 1, 6, 84, '1684', 'Layens', 5, 2, 3, '2023-04-23 07:27:35', '2023-04-23 07:27:35'),
(85, 1, 6, 85, '1685', 'Layens', 4, 3, 3, '2023-04-23 07:27:35', '2023-04-23 07:27:35'),
(86, 1, 6, 86, '1686', 'Layens', 3, 3, 4, '2023-04-23 07:27:35', '2023-04-23 07:27:35'),
(87, 1, 6, 87, '1687', 'Layens', 3, 3, 4, '2023-04-23 07:27:35', '2023-04-23 07:27:35'),
(88, 1, 6, 88, '1688', 'Layens', 6, 2, 2, '2023-04-23 07:27:35', '2023-04-23 07:27:35'),
(89, 1, 6, 89, '1689', 'Layens', 3, 3, 4, '2023-04-23 07:27:35', '2023-04-23 07:27:35'),
(90, 1, 6, 90, '1690', 'Layens', 6, 2, 2, '2023-04-23 07:27:35', '2023-04-23 07:27:35'),
(91, 1, 6, 91, '1691', 'Layens', 6, 2, 2, '2023-04-23 07:27:35', '2023-04-23 07:27:35'),
(92, 1, 6, 92, '1692', 'Layens', 5, 2, 3, '2023-04-23 07:27:35', '2023-04-23 07:27:35'),
(93, 1, 6, 93, '1693', 'Layens', 4, 3, 3, '2023-04-23 07:27:35', '2023-04-23 07:27:35'),
(94, 1, 6, 94, '1694', 'Layens', 3, 3, 4, '2023-04-23 07:27:35', '2023-04-23 07:27:35'),
(95, 1, 6, 95, '1695', 'Layens', 6, 2, 2, '2023-04-23 07:27:35', '2023-04-23 07:27:35'),
(96, 1, 6, 96, '1696', 'Layens', 6, 2, 2, '2023-04-23 07:27:35', '2023-04-23 07:27:35'),
(97, 1, 6, 97, '1697', 'Layens', 3, 3, 4, '2023-04-23 07:27:35', '2023-04-23 07:27:35'),
(98, 1, 6, 98, '1698', 'Layens', 3, 3, 4, '2023-04-23 07:27:35', '2023-04-23 07:27:35'),
(99, 1, 6, 99, '1699', 'Layens', 3, 3, 4, '2023-04-23 07:27:35', '2023-04-23 07:27:35'),
(100, 1, 6, 100, '16100', 'Layens', 6, 2, 2, '2023-04-23 07:27:35', '2023-04-23 07:27:35'),
(101, 1, 6, 101, '16101', 'Layens', 3, 3, 4, '2023-04-23 07:27:35', '2023-04-23 07:27:35'),
(102, 1, 6, 102, '16102', 'Layens', 5, 2, 3, '2023-04-23 07:27:35', '2023-04-23 07:27:35'),
(103, 1, 6, 103, '16103', 'Layens', 4, 3, 3, '2023-04-23 07:27:35', '2023-04-23 07:27:35'),
(104, 1, 6, 104, '16104', 'Layens', 4, 3, 3, '2023-04-23 07:27:35', '2023-04-23 07:27:35'),
(105, 1, 6, 105, '16105', 'Layens', 6, 2, 2, '2023-04-23 07:27:35', '2023-04-23 07:27:35'),
(106, 3, 7, 111, 'AAA', 'Langstroth', 2, 3, 4, '2023-05-01 07:32:59', '2023-05-01 07:32:59'),
(107, 1, 1, 1, '1231254641', 'Langstroth', 1, 1, 1, '2023-05-01 07:52:18', '2023-05-01 07:52:18');

-- --------------------------------------------------------

--
-- Estructura de tabla para la tabla `beehive_disease`
--

CREATE TABLE `beehive_disease` (
  `id` bigint(20) UNSIGNED NOT NULL,
  `beehive_id` bigint(20) UNSIGNED NOT NULL,
  `disease_id` bigint(20) UNSIGNED NOT NULL,
  `created_at` timestamp NULL DEFAULT NULL,
  `updated_at` timestamp NULL DEFAULT NULL
) ENGINE=InnoDB DEFAULT CHARSET=utf8mb4 COLLATE=utf8mb4_unicode_ci;

-- --------------------------------------------------------

--
-- Estructura de tabla para la tabla `beehive_product`
--

CREATE TABLE `beehive_product` (
  `id` bigint(20) UNSIGNED NOT NULL,
  `beehive_id` bigint(20) UNSIGNED NOT NULL,
  `product_id` bigint(20) UNSIGNED NOT NULL,
  `created_at` timestamp NULL DEFAULT NULL,
  `updated_at` timestamp NULL DEFAULT NULL
) ENGINE=InnoDB DEFAULT CHARSET=utf8mb4 COLLATE=utf8mb4_unicode_ci;

-- --------------------------------------------------------

--
-- Estructura de tabla para la tabla `diseases`
--

CREATE TABLE `diseases` (
  `id` bigint(20) UNSIGNED NOT NULL,
  `user_id` bigint(20) UNSIGNED NOT NULL,
  `beehive_id` bigint(20) UNSIGNED NOT NULL,
  `name` varchar(255) COLLATE utf8mb4_unicode_ci NOT NULL,
  `treatment_start_date` date NOT NULL,
  `treatment_repeat_date` date NOT NULL,
  `created_at` timestamp NULL DEFAULT NULL,
  `updated_at` timestamp NULL DEFAULT NULL
) ENGINE=InnoDB DEFAULT CHARSET=utf8mb4 COLLATE=utf8mb4_unicode_ci;

--
-- Volcado de datos para la tabla `diseases`
--

INSERT INTO `diseases` (`id`, `user_id`, `beehive_id`, `name`, `treatment_start_date`, `treatment_repeat_date`, `created_at`, `updated_at`) VALUES
(4, 1, 32, 'Escarabajo predador', '2023-04-06', '2023-05-06', '2023-04-23 09:20:17', '2023-04-23 09:20:17'),
(5, 1, 84, 'Virus parálisis crónica', '2023-04-23', '2023-04-30', '2023-04-23 09:20:33', '2023-04-23 09:20:33'),
(6, 1, 33, 'Loque europea', '2023-04-23', '2023-05-23', '2023-04-23 09:20:49', '2023-05-01 07:16:42'),
(7, 1, 53, 'Varroa destructor', '2023-04-06', '2023-05-06', '2023-04-23 09:21:31', '2023-04-23 09:21:31');

-- --------------------------------------------------------

--
-- Estructura de tabla para la tabla `failed_jobs`
--

CREATE TABLE `failed_jobs` (
  `id` bigint(20) UNSIGNED NOT NULL,
  `uuid` varchar(255) COLLATE utf8mb4_unicode_ci NOT NULL,
  `connection` text COLLATE utf8mb4_unicode_ci NOT NULL,
  `queue` text COLLATE utf8mb4_unicode_ci NOT NULL,
  `payload` longtext COLLATE utf8mb4_unicode_ci NOT NULL,
  `exception` longtext COLLATE utf8mb4_unicode_ci NOT NULL,
  `failed_at` timestamp NOT NULL DEFAULT current_timestamp()
) ENGINE=InnoDB DEFAULT CHARSET=utf8mb4 COLLATE=utf8mb4_unicode_ci;

-- --------------------------------------------------------

--
-- Estructura de tabla para la tabla `migrations`
--

CREATE TABLE `migrations` (
  `id` int(10) UNSIGNED NOT NULL,
  `migration` varchar(255) COLLATE utf8mb4_unicode_ci NOT NULL,
  `batch` int(11) NOT NULL
) ENGINE=InnoDB DEFAULT CHARSET=utf8mb4 COLLATE=utf8mb4_unicode_ci;

--
-- Volcado de datos para la tabla `migrations`
--

INSERT INTO `migrations` (`id`, `migration`, `batch`) VALUES
(1338, '2014_10_12_000000_create_users_table', 1),
(1339, '2014_10_12_100000_create_password_reset_tokens_table', 1),
(1340, '2019_08_19_000000_create_failed_jobs_table', 1),
(1341, '2019_12_14_000001_create_personal_access_tokens_table', 1),
(1342, '2023_03_08_105228_create_places_table', 1),
(1343, '2023_03_08_105602_create_apiaries_table', 1),
(1344, '2023_03_08_105901_create_queens_table', 1),
(1345, '2023_03_08_110653_create_beehives_table', 1),
(1346, '2023_03_08_112128_create_products_table', 1),
(1347, '2023_03_08_113116_create_beehive_product_table', 1),
(1348, '2023_03_08_113251_create_diseases_table', 1),
(1349, '2023_03_08_121602_create_beehive_disease_table', 1);

-- --------------------------------------------------------

--
-- Estructura de tabla para la tabla `password_reset_tokens`
--

CREATE TABLE `password_reset_tokens` (
  `email` varchar(255) COLLATE utf8mb4_unicode_ci NOT NULL,
  `token` varchar(255) COLLATE utf8mb4_unicode_ci NOT NULL,
  `created_at` timestamp NULL DEFAULT NULL
) ENGINE=InnoDB DEFAULT CHARSET=utf8mb4 COLLATE=utf8mb4_unicode_ci;

-- --------------------------------------------------------

--
-- Estructura de tabla para la tabla `personal_access_tokens`
--

CREATE TABLE `personal_access_tokens` (
  `id` bigint(20) UNSIGNED NOT NULL,
  `tokenable_type` varchar(255) COLLATE utf8mb4_unicode_ci NOT NULL,
  `tokenable_id` bigint(20) UNSIGNED NOT NULL,
  `name` varchar(255) COLLATE utf8mb4_unicode_ci NOT NULL,
  `token` varchar(64) COLLATE utf8mb4_unicode_ci NOT NULL,
  `abilities` text COLLATE utf8mb4_unicode_ci DEFAULT NULL,
  `last_used_at` timestamp NULL DEFAULT NULL,
  `expires_at` timestamp NULL DEFAULT NULL,
  `created_at` timestamp NULL DEFAULT NULL,
  `updated_at` timestamp NULL DEFAULT NULL
) ENGINE=InnoDB DEFAULT CHARSET=utf8mb4 COLLATE=utf8mb4_unicode_ci;

--
-- Volcado de datos para la tabla `personal_access_tokens`
--

INSERT INTO `personal_access_tokens` (`id`, `tokenable_type`, `tokenable_id`, `name`, `token`, `abilities`, `last_used_at`, `expires_at`, `created_at`, `updated_at`) VALUES
(1, 'App\\Models\\User', 1, 'AuthToken', 'c71f8da1e584b5a5e1c6853c6c46718b2e33c42b6df8772e47902edefd88fc98', '[\"*\"]', NULL, NULL, '2023-04-23 08:24:55', '2023-04-23 08:24:55'),
(2, 'App\\Models\\User', 1, 'AuthToken', '03b054e1503011a81b7c22b7ce6d8c15f29794387f19c72b94dd7954bfb99db2', '[\"*\"]', NULL, NULL, '2023-04-23 09:00:35', '2023-04-23 09:00:35'),
(3, 'App\\Models\\User', 1, 'AuthToken', '5dd791cd0511b7687f35a8f6c70cdf02ac2f1d3d8743267aad6d2e06255f4d08', '[\"*\"]', NULL, NULL, '2023-04-23 12:43:35', '2023-04-23 12:43:35'),
(4, 'App\\Models\\User', 1, 'AuthToken', '1974048177e2715d8b0b40796755dfb805e7e70994e1d741b9bd67a2d04f68d9', '[\"*\"]', NULL, NULL, '2023-04-24 08:18:33', '2023-04-24 08:18:33'),
(5, 'App\\Models\\User', 1, 'AuthToken', 'deeb6cadbdfecff8ad454ec64d585dc5d47f2e1b430dd7f4e928767e52e31724', '[\"*\"]', NULL, NULL, '2023-04-26 13:08:14', '2023-04-26 13:08:14'),
(6, 'App\\Models\\User', 1, 'AuthToken', 'cdfe6e940362c09d8defe13f49b83ffe4a47a0e8305f19952bb750fb43551657', '[\"*\"]', NULL, NULL, '2023-04-26 15:40:39', '2023-04-26 15:40:39'),
(7, 'App\\Models\\User', 1, 'AuthToken', '642782981daeb9f111348a0f056e3bad0c74f02cfa7b7961f90b08df555d38a2', '[\"*\"]', NULL, NULL, '2023-04-27 14:11:06', '2023-04-27 14:11:06'),
(8, 'App\\Models\\User', 1, 'AuthToken', 'f04c972eb36c85379563d23fbb68a7fbb60153d06f04dca333a936eb40176860', '[\"*\"]', NULL, NULL, '2023-05-01 06:48:05', '2023-05-01 06:48:05'),
(9, 'App\\Models\\User', 1, 'AuthToken', 'afd0c3f02b94d2dff40c02e04f7985e4b643446809df36592c30063dea79b425', '[\"*\"]', NULL, NULL, '2023-05-01 07:15:39', '2023-05-01 07:15:39'),
(10, 'App\\Models\\User', 2, 'AuthToken', 'ed80ff0c77237f609a71cf0f682081b21c10659c367572182355179d4c7ba936', '[\"*\"]', NULL, NULL, '2023-05-01 07:19:54', '2023-05-01 07:19:54'),
(11, 'App\\Models\\User', 1, 'AuthToken', '790df19b436b15339bff5b6a61bfb08793b70f6386fc494b6d6bd220ed2fd2dd', '[\"*\"]', NULL, NULL, '2023-05-01 07:29:13', '2023-05-01 07:29:13'),
(12, 'App\\Models\\User', 3, 'AuthToken', '962f704d8885d6d07d2e60221c6e369fa236cc3ca9452d3c7ac9a559c06c0e4b', '[\"*\"]', NULL, NULL, '2023-05-01 07:31:32', '2023-05-01 07:31:32'),
(13, 'App\\Models\\User', 1, 'AuthToken', 'f75902bea53c266c5ff4b6301ad0dfb73e1a06be61adde1eb7f46282795a1ee3', '[\"*\"]', NULL, NULL, '2023-05-01 07:34:43', '2023-05-01 07:34:43');

-- --------------------------------------------------------

--
-- Estructura de tabla para la tabla `places`
--

CREATE TABLE `places` (
  `id` bigint(20) UNSIGNED NOT NULL,
  `user_id` bigint(20) UNSIGNED NOT NULL,
  `name` varchar(255) COLLATE utf8mb4_unicode_ci NOT NULL,
  `catastral_code` varchar(255) COLLATE utf8mb4_unicode_ci NOT NULL,
  `poligon` varchar(255) COLLATE utf8mb4_unicode_ci NOT NULL,
  `parcel` varchar(255) COLLATE utf8mb4_unicode_ci NOT NULL,
  `postal_code` varchar(255) COLLATE utf8mb4_unicode_ci NOT NULL,
  `has_water` tinyint(1) NOT NULL,
  `created_at` timestamp NULL DEFAULT NULL,
  `updated_at` timestamp NULL DEFAULT NULL
) ENGINE=InnoDB DEFAULT CHARSET=utf8mb4 COLLATE=utf8mb4_unicode_ci;

--
-- Volcado de datos para la tabla `places`
--

INSERT INTO `places` (`id`, `user_id`, `name`, `catastral_code`, `poligon`, `parcel`, `postal_code`, `has_water`, `created_at`, `updated_at`) VALUES
(1, 1, 'La Chinela', '172HXK0000AKFLP98291', '17', '570', '46164', 1, '2023-04-23 07:27:34', '2023-04-23 07:27:34'),
(2, 1, 'El escalón de la Nina', 'A88HXK07031984J98133', '632', '5', '46234', 1, '2023-04-23 07:27:34', '2023-04-23 07:27:34'),
(3, 1, 'Ca Galindo', '987LLH0330ARZLR47581', '98', '765', '46418', 1, '2023-04-23 07:27:34', '2023-04-23 07:27:34'),
(4, 1, 'Los 7 pisos', '666LLH0330ARZLR47581', '124', '7', '46024', 0, '2023-04-23 07:27:34', '2023-04-23 07:27:34'),
(5, 1, 'Los Chopos', '750KZR4AA0SSQW77AA81', '1245', '478', '46187', 0, '2023-04-23 07:27:34', '2023-04-23 07:27:34'),
(6, 1, 'La Pinada', '123LGH0330ARZLR47581', '98', '765', '46085', 1, '2023-04-23 07:27:34', '2023-04-23 07:27:34'),
(7, 3, 'prueba', '123456789ABCLAKULPO4', '1', '2', '31231', 0, '2023-05-01 07:32:02', '2023-05-01 07:32:02'),
(8, 1, 'prueba', '123456789ABCLAKULPO5', '14', '14', '14141', 0, '2023-05-01 07:44:09', '2023-05-01 07:44:09');

-- --------------------------------------------------------

--
-- Estructura de tabla para la tabla `products`
--

CREATE TABLE `products` (
  `id` bigint(20) UNSIGNED NOT NULL,
  `user_id` bigint(20) UNSIGNED NOT NULL,
  `beehive_id` bigint(20) UNSIGNED NOT NULL,
  `type` varchar(255) COLLATE utf8mb4_unicode_ci NOT NULL,
  `grams` int(11) NOT NULL,
  `year` varchar(255) COLLATE utf8mb4_unicode_ci NOT NULL,
  `created_at` timestamp NULL DEFAULT NULL,
  `updated_at` timestamp NULL DEFAULT NULL
) ENGINE=InnoDB DEFAULT CHARSET=utf8mb4 COLLATE=utf8mb4_unicode_ci;

--
-- Volcado de datos para la tabla `products`
--

INSERT INTO `products` (`id`, `user_id`, `beehive_id`, `type`, `grams`, `year`, `created_at`, `updated_at`) VALUES
(3, 1, 3, 'Miel', 19881, '2020', '2023-04-23 07:27:35', '2023-04-23 07:27:35'),
(4, 1, 4, 'Miel', 19238, '2020', '2023-04-23 07:27:35', '2023-04-23 07:27:35'),
(6, 1, 6, 'Miel', 20506, '2020', '2023-04-23 07:27:35', '2023-04-23 07:27:35'),
(7, 1, 7, 'Miel', 19003, '2020', '2023-04-23 07:27:35', '2023-04-23 07:27:35'),
(8, 1, 8, 'Miel', 19025, '2020', '2023-04-23 07:27:35', '2023-04-23 07:27:35'),
(9, 1, 9, 'Miel', 20507, '2020', '2023-04-23 07:27:35', '2023-04-23 07:27:35'),
(10, 1, 10, 'Miel', 18065, '2020', '2023-04-23 07:27:35', '2023-04-23 07:27:35'),
(11, 1, 11, 'Miel', 19103, '2020', '2023-04-23 07:27:35', '2023-04-23 07:27:35'),
(12, 1, 12, 'Miel', 20071, '2020', '2023-04-23 07:27:35', '2023-04-23 07:27:35'),
(13, 1, 13, 'Miel', 19747, '2020', '2023-04-23 07:27:35', '2023-04-23 07:27:35'),
(14, 1, 14, 'Miel', 18608, '2020', '2023-04-23 07:27:35', '2023-04-23 07:27:35'),
(15, 1, 15, 'Miel', 20617, '2020', '2023-04-23 07:27:35', '2023-04-23 07:27:35'),
(16, 1, 16, 'Miel', 19407, '2020', '2023-04-23 07:27:35', '2023-04-23 07:27:35'),
(17, 1, 17, 'Miel', 20799, '2020', '2023-04-23 07:27:35', '2023-04-23 07:27:35'),
(18, 1, 18, 'Miel', 18759, '2020', '2023-04-23 07:27:35', '2023-04-23 07:27:35'),
(19, 1, 19, 'Miel', 18949, '2020', '2023-04-23 07:27:35', '2023-04-23 07:27:35'),
(20, 1, 20, 'Miel', 19860, '2020', '2023-04-23 07:27:35', '2023-04-23 07:27:35'),
(21, 1, 21, 'Polen', 1197, '2020', '2023-04-23 07:27:35', '2023-04-23 07:27:35'),
(22, 1, 22, 'Polen', 1424, '2020', '2023-04-23 07:27:35', '2023-04-23 07:27:35'),
(23, 1, 23, 'Polen', 1005, '2020', '2023-04-23 07:27:35', '2023-04-23 07:27:35'),
(24, 1, 24, 'Polen', 1135, '2020', '2023-04-23 07:27:35', '2023-04-23 07:27:35'),
(25, 1, 25, 'Polen', 1300, '2020', '2023-04-23 07:27:35', '2023-04-23 07:27:35'),
(26, 1, 26, 'Polen', 952, '2020', '2023-04-23 07:27:35', '2023-04-23 07:27:35'),
(27, 1, 27, 'Polen', 1235, '2020', '2023-04-23 07:27:35', '2023-04-23 07:27:35'),
(28, 1, 28, 'Polen', 936, '2020', '2023-04-23 07:27:35', '2023-04-23 07:27:35'),
(29, 1, 29, 'Polen', 1278, '2020', '2023-04-23 07:27:35', '2023-04-23 07:27:35'),
(30, 1, 30, 'Polen', 1189, '2020', '2023-04-23 07:27:35', '2023-04-23 07:27:35'),
(31, 1, 31, 'Apitoxina', 1, '2020', '2023-04-23 07:27:35', '2023-04-23 07:27:35'),
(32, 1, 32, 'Apitoxina', 1, '2020', '2023-04-23 07:27:35', '2023-04-23 07:27:35'),
(33, 1, 33, 'Apitoxina', 2, '2020', '2023-04-23 07:27:35', '2023-04-23 07:27:35'),
(34, 1, 34, 'Apitoxina', 2, '2020', '2023-04-23 07:27:35', '2023-04-23 07:27:35'),
(35, 1, 35, 'Apitoxina', 3, '2020', '2023-04-23 07:27:35', '2023-04-23 07:27:35'),
(36, 1, 36, 'Miel', 18042, '2020', '2023-04-23 07:27:35', '2023-04-23 07:27:35'),
(37, 1, 36, 'Polen', 1434, '2020', '2023-04-23 07:27:35', '2023-04-23 07:27:35'),
(38, 1, 36, 'Apitoxina', 1, '2020', '2023-04-23 07:27:35', '2023-04-23 07:27:35'),
(39, 1, 37, 'Miel', 19514, '2020', '2023-04-23 07:27:35', '2023-04-23 07:27:35'),
(40, 1, 37, 'Polen', 1308, '2020', '2023-04-23 07:27:35', '2023-04-23 07:27:35'),
(41, 1, 37, 'Apitoxina', 2, '2020', '2023-04-23 07:27:35', '2023-04-23 07:27:35'),
(42, 1, 38, 'Miel', 19838, '2020', '2023-04-23 07:27:35', '2023-04-23 07:27:35'),
(43, 1, 38, 'Polen', 1417, '2020', '2023-04-23 07:27:35', '2023-04-23 07:27:35'),
(44, 1, 38, 'Apitoxina', 1, '2020', '2023-04-23 07:27:35', '2023-04-23 07:27:35'),
(45, 1, 39, 'Miel', 19666, '2020', '2023-04-23 07:27:35', '2023-04-23 07:27:35'),
(46, 1, 39, 'Polen', 1147, '2020', '2023-04-23 07:27:35', '2023-04-23 07:27:35'),
(47, 1, 39, 'Apitoxina', 1, '2020', '2023-04-23 07:27:35', '2023-04-23 07:27:35'),
(48, 1, 40, 'Miel', 20365, '2020', '2023-04-23 07:27:35', '2023-04-23 07:27:35'),
(49, 1, 40, 'Polen', 1092, '2020', '2023-04-23 07:27:35', '2023-04-23 07:27:35'),
(50, 1, 40, 'Apitoxina', 1, '2020', '2023-04-23 07:27:35', '2023-04-23 07:27:35'),
(51, 1, 41, 'Miel', 18742, '2020', '2023-04-23 07:27:35', '2023-04-23 07:27:35'),
(52, 1, 41, 'Polen', 1156, '2020', '2023-04-23 07:27:35', '2023-04-23 07:27:35'),
(53, 1, 41, 'Apitoxina', 2, '2020', '2023-04-23 07:27:35', '2023-04-23 07:27:35'),
(54, 1, 42, 'Miel', 20672, '2020', '2023-04-23 07:27:35', '2023-04-23 07:27:35'),
(55, 1, 42, 'Polen', 1411, '2020', '2023-04-23 07:27:35', '2023-04-23 07:27:35'),
(56, 1, 42, 'Apitoxina', 1, '2020', '2023-04-23 07:27:35', '2023-04-23 07:27:35'),
(57, 1, 43, 'Miel', 18114, '2020', '2023-04-23 07:27:35', '2023-04-23 07:27:35'),
(58, 1, 43, 'Polen', 1030, '2020', '2023-04-23 07:27:35', '2023-04-23 07:27:35'),
(59, 1, 43, 'Apitoxina', 3, '2020', '2023-04-23 07:27:35', '2023-04-23 07:27:35'),
(60, 1, 44, 'Miel', 19387, '2020', '2023-04-23 07:27:35', '2023-04-23 07:27:35'),
(61, 1, 44, 'Polen', 1046, '2020', '2023-04-23 07:27:35', '2023-04-23 07:27:35'),
(62, 1, 44, 'Apitoxina', 3, '2020', '2023-04-23 07:27:35', '2023-04-23 07:27:35'),
(63, 1, 45, 'Miel', 20644, '2020', '2023-04-23 07:27:35', '2023-04-23 07:27:35'),
(64, 1, 45, 'Polen', 987, '2020', '2023-04-23 07:27:35', '2023-04-23 07:27:35'),
(65, 1, 45, 'Apitoxina', 2, '2020', '2023-04-23 07:27:35', '2023-04-23 07:27:35'),
(66, 1, 46, 'Miel', 19935, '2020', '2023-04-23 07:27:35', '2023-04-23 07:27:35'),
(67, 1, 46, 'Polen', 1355, '2020', '2023-04-23 07:27:35', '2023-04-23 07:27:35'),
(68, 1, 46, 'Apitoxina', 1, '2020', '2023-04-23 07:27:35', '2023-04-23 07:27:35'),
(69, 1, 47, 'Miel', 18186, '2020', '2023-04-23 07:27:35', '2023-04-23 07:27:35'),
(70, 1, 47, 'Polen', 1281, '2020', '2023-04-23 07:27:35', '2023-04-23 07:27:35'),
(71, 1, 47, 'Apitoxina', 1, '2020', '2023-04-23 07:27:35', '2023-04-23 07:27:35'),
(72, 1, 48, 'Miel', 19824, '2020', '2023-04-23 07:27:35', '2023-04-23 07:27:35'),
(73, 1, 48, 'Polen', 1036, '2020', '2023-04-23 07:27:35', '2023-04-23 07:27:35'),
(74, 1, 48, 'Apitoxina', 1, '2020', '2023-04-23 07:27:35', '2023-04-23 07:27:35'),
(75, 1, 49, 'Miel', 18670, '2020', '2023-04-23 07:27:35', '2023-04-23 07:27:35'),
(76, 1, 49, 'Polen', 1013, '2020', '2023-04-23 07:27:35', '2023-04-23 07:27:35'),
(77, 1, 49, 'Apitoxina', 1, '2020', '2023-04-23 07:27:35', '2023-04-23 07:27:35'),
(78, 1, 50, 'Miel', 18010, '2020', '2023-04-23 07:27:35', '2023-04-23 07:27:35'),
(79, 1, 50, 'Polen', 1148, '2020', '2023-04-23 07:27:35', '2023-04-23 07:27:35'),
(80, 1, 50, 'Apitoxina', 3, '2020', '2023-04-23 07:27:35', '2023-04-23 07:27:35'),
(81, 1, 51, 'Miel', 19665, '2020', '2023-04-23 07:27:35', '2023-04-23 07:27:35'),
(82, 1, 52, 'Miel', 20535, '2020', '2023-04-23 07:27:35', '2023-04-23 07:27:35'),
(83, 1, 53, 'Miel', 18077, '2020', '2023-04-23 07:27:35', '2023-04-23 07:27:35'),
(84, 1, 54, 'Miel', 20018, '2020', '2023-04-23 07:27:35', '2023-04-23 07:27:35'),
(85, 1, 55, 'Miel', 18066, '2020', '2023-04-23 07:27:35', '2023-04-23 07:27:35'),
(86, 1, 56, 'Miel', 19299, '2020', '2023-04-23 07:27:35', '2023-04-23 07:27:35'),
(87, 1, 57, 'Miel', 19592, '2020', '2023-04-23 07:27:35', '2023-04-23 07:27:35'),
(88, 1, 58, 'Miel', 20585, '2020', '2023-04-23 07:27:35', '2023-04-23 07:27:35'),
(89, 1, 59, 'Miel', 19972, '2020', '2023-04-23 07:27:35', '2023-04-23 07:27:35'),
(90, 1, 60, 'Miel', 20117, '2020', '2023-04-23 07:27:35', '2023-04-23 07:27:35'),
(91, 1, 61, 'Miel', 18014, '2020', '2023-04-23 07:27:35', '2023-04-23 07:27:35'),
(92, 1, 62, 'Miel', 18919, '2020', '2023-04-23 07:27:35', '2023-04-23 07:27:35'),
(93, 1, 63, 'Miel', 20503, '2020', '2023-04-23 07:27:35', '2023-04-23 07:27:35'),
(94, 1, 64, 'Miel', 19184, '2020', '2023-04-23 07:27:35', '2023-04-23 07:27:35'),
(95, 1, 65, 'Miel', 19198, '2020', '2023-04-23 07:27:35', '2023-04-23 07:27:35'),
(96, 1, 66, 'Miel', 18177, '2020', '2023-04-23 07:27:35', '2023-04-23 07:27:35'),
(97, 1, 67, 'Miel', 18525, '2020', '2023-04-23 07:27:35', '2023-04-23 07:27:35'),
(98, 1, 68, 'Miel', 20427, '2020', '2023-04-23 07:27:35', '2023-04-23 07:27:35'),
(99, 1, 69, 'Miel', 18676, '2020', '2023-04-23 07:27:35', '2023-04-23 07:27:35'),
(100, 1, 70, 'Miel', 18079, '2020', '2023-04-23 07:27:35', '2023-04-23 07:27:35'),
(101, 1, 71, 'Miel', 18090, '2020', '2023-04-23 07:27:35', '2023-04-23 07:27:35'),
(102, 1, 72, 'Miel', 19602, '2020', '2023-04-23 07:27:35', '2023-04-23 07:27:35'),
(103, 1, 73, 'Miel', 20882, '2020', '2023-04-23 07:27:35', '2023-04-23 07:27:35'),
(104, 1, 74, 'Miel', 19456, '2020', '2023-04-23 07:27:35', '2023-04-23 07:27:35'),
(105, 1, 75, 'Miel', 19398, '2020', '2023-04-23 07:27:35', '2023-04-23 07:27:35'),
(106, 1, 76, 'Miel', 20939, '2020', '2023-04-23 07:27:35', '2023-04-23 07:27:35'),
(107, 1, 77, 'Miel', 19185, '2020', '2023-04-23 07:27:35', '2023-04-23 07:27:35'),
(108, 1, 78, 'Miel', 18035, '2020', '2023-04-23 07:27:35', '2023-04-23 07:27:35'),
(109, 1, 79, 'Miel', 19293, '2020', '2023-04-23 07:27:35', '2023-04-23 07:27:35'),
(110, 1, 80, 'Miel', 20469, '2020', '2023-04-23 07:27:35', '2023-04-23 07:27:35'),
(111, 1, 81, 'Miel', 20677, '2020', '2023-04-23 07:27:35', '2023-04-23 07:27:35'),
(112, 1, 82, 'Miel', 18352, '2020', '2023-04-23 07:27:35', '2023-04-23 07:27:35'),
(113, 1, 83, 'Miel', 19889, '2020', '2023-04-23 07:27:35', '2023-04-23 07:27:35'),
(114, 1, 84, 'Miel', 19589, '2020', '2023-04-23 07:27:35', '2023-04-23 07:27:35'),
(115, 1, 85, 'Miel', 18044, '2020', '2023-04-23 07:27:35', '2023-04-23 07:27:35'),
(116, 1, 86, 'Miel', 18899, '2020', '2023-04-23 07:27:35', '2023-04-23 07:27:35'),
(117, 1, 87, 'Miel', 18127, '2020', '2023-04-23 07:27:35', '2023-04-23 07:27:35'),
(118, 1, 88, 'Miel', 19015, '2020', '2023-04-23 07:27:35', '2023-04-23 07:27:35'),
(119, 1, 89, 'Miel', 20791, '2020', '2023-04-23 07:27:35', '2023-04-23 07:27:35'),
(120, 1, 90, 'Miel', 20623, '2020', '2023-04-23 07:27:35', '2023-04-23 07:27:35'),
(121, 1, 91, 'Miel', 20830, '2020', '2023-04-23 07:27:35', '2023-04-23 07:27:35'),
(122, 1, 92, 'Miel', 19916, '2020', '2023-04-23 07:27:35', '2023-04-23 07:27:35'),
(123, 1, 93, 'Miel', 19683, '2020', '2023-04-23 07:27:35', '2023-04-23 07:27:35'),
(124, 1, 94, 'Miel', 19466, '2020', '2023-04-23 07:27:35', '2023-04-23 07:27:35'),
(125, 1, 95, 'Miel', 18563, '2020', '2023-04-23 07:27:35', '2023-04-23 07:27:35'),
(126, 1, 96, 'Miel', 20739, '2020', '2023-04-23 07:27:35', '2023-04-23 07:27:35'),
(127, 1, 97, 'Miel', 20695, '2020', '2023-04-23 07:27:35', '2023-04-23 07:27:35'),
(128, 1, 98, 'Miel', 19294, '2020', '2023-04-23 07:27:35', '2023-04-23 07:27:35'),
(129, 1, 99, 'Miel', 20716, '2020', '2023-04-23 07:27:35', '2023-04-23 07:27:35'),
(130, 1, 100, 'Miel', 19084, '2020', '2023-04-23 07:27:35', '2023-04-23 07:27:35'),
(131, 1, 101, 'Miel', 19387, '2020', '2023-04-23 07:27:35', '2023-04-23 07:27:35'),
(132, 1, 102, 'Miel', 19993, '2020', '2023-04-23 07:27:35', '2023-04-23 07:27:35'),
(133, 1, 103, 'Miel', 20900, '2020', '2023-04-23 07:27:35', '2023-04-23 07:27:35'),
(134, 1, 104, 'Miel', 18232, '2020', '2023-04-23 07:27:35', '2023-04-23 07:27:35'),
(135, 1, 105, 'Miel', 19006, '2020', '2023-04-23 07:27:35', '2023-04-23 07:27:35'),
(138, 1, 3, 'Miel', 19937, '2021', '2023-04-23 07:27:35', '2023-04-23 07:27:35'),
(139, 1, 4, 'Miel', 18502, '2021', '2023-04-23 07:27:35', '2023-04-23 07:27:35'),
(141, 1, 6, 'Miel', 18788, '2021', '2023-04-23 07:27:35', '2023-04-23 07:27:35'),
(142, 1, 7, 'Miel', 19031, '2021', '2023-04-23 07:27:35', '2023-04-23 07:27:35'),
(143, 1, 8, 'Miel', 18879, '2021', '2023-04-23 07:27:35', '2023-04-23 07:27:35'),
(144, 1, 9, 'Miel', 19790, '2021', '2023-04-23 07:27:35', '2023-04-23 07:27:35'),
(145, 1, 10, 'Miel', 18676, '2021', '2023-04-23 07:27:35', '2023-04-23 07:27:35'),
(146, 1, 11, 'Miel', 20816, '2021', '2023-04-23 07:27:35', '2023-04-23 07:27:35'),
(147, 1, 12, 'Miel', 20678, '2021', '2023-04-23 07:27:35', '2023-04-23 07:27:35'),
(148, 1, 13, 'Miel', 18732, '2021', '2023-04-23 07:27:35', '2023-04-23 07:27:35'),
(149, 1, 14, 'Miel', 19552, '2021', '2023-04-23 07:27:35', '2023-04-23 07:27:35'),
(150, 1, 15, 'Miel', 19476, '2021', '2023-04-23 07:27:35', '2023-04-23 07:27:35'),
(151, 1, 16, 'Miel', 20501, '2021', '2023-04-23 07:27:35', '2023-04-23 07:27:35'),
(152, 1, 17, 'Miel', 20895, '2021', '2023-04-23 07:27:35', '2023-04-23 07:27:35'),
(153, 1, 18, 'Miel', 19968, '2021', '2023-04-23 07:27:35', '2023-04-23 07:27:35'),
(154, 1, 19, 'Miel', 19616, '2021', '2023-04-23 07:27:35', '2023-04-23 07:27:35'),
(155, 1, 20, 'Miel', 19930, '2021', '2023-04-23 07:27:35', '2023-04-23 07:27:35'),
(156, 1, 21, 'Polen', 1349, '2021', '2023-04-23 07:27:35', '2023-04-23 07:27:35'),
(157, 1, 22, 'Polen', 1355, '2021', '2023-04-23 07:27:35', '2023-04-23 07:27:35'),
(158, 1, 23, 'Polen', 1349, '2021', '2023-04-23 07:27:35', '2023-04-23 07:27:35'),
(159, 1, 24, 'Polen', 1383, '2021', '2023-04-23 07:27:35', '2023-04-23 07:27:35'),
(160, 1, 25, 'Polen', 1407, '2021', '2023-04-23 07:27:35', '2023-04-23 07:27:35'),
(161, 1, 26, 'Polen', 928, '2021', '2023-04-23 07:27:35', '2023-04-23 07:27:35'),
(162, 1, 27, 'Polen', 1123, '2021', '2023-04-23 07:27:35', '2023-04-23 07:27:35'),
(163, 1, 28, 'Polen', 1455, '2021', '2023-04-23 07:27:35', '2023-04-23 07:27:35'),
(164, 1, 29, 'Polen', 1149, '2021', '2023-04-23 07:27:35', '2023-04-23 07:27:35'),
(165, 1, 30, 'Polen', 917, '2021', '2023-04-23 07:27:35', '2023-04-23 07:27:35'),
(166, 1, 31, 'Apitoxina', 1, '2021', '2023-04-23 07:27:35', '2023-04-23 07:27:35'),
(167, 1, 32, 'Apitoxina', 2, '2021', '2023-04-23 07:27:35', '2023-04-23 07:27:35'),
(168, 1, 33, 'Apitoxina', 1, '2021', '2023-04-23 07:27:35', '2023-04-23 07:27:35'),
(169, 1, 34, 'Apitoxina', 1, '2021', '2023-04-23 07:27:35', '2023-04-23 07:27:35'),
(170, 1, 35, 'Apitoxina', 1, '2021', '2023-04-23 07:27:35', '2023-04-23 07:27:35'),
(171, 1, 36, 'Miel', 18704, '2021', '2023-04-23 07:27:35', '2023-04-23 07:27:35'),
(172, 1, 36, 'Polen', 1181, '2021', '2023-04-23 07:27:35', '2023-04-23 07:27:35'),
(173, 1, 36, 'Apitoxina', 2, '2021', '2023-04-23 07:27:35', '2023-04-23 07:27:35'),
(174, 1, 37, 'Miel', 20846, '2021', '2023-04-23 07:27:35', '2023-04-23 07:27:35'),
(175, 1, 37, 'Polen', 1015, '2021', '2023-04-23 07:27:35', '2023-04-23 07:27:35'),
(176, 1, 37, 'Apitoxina', 3, '2021', '2023-04-23 07:27:35', '2023-04-23 07:27:35'),
(177, 1, 38, 'Miel', 20506, '2021', '2023-04-23 07:27:35', '2023-04-23 07:27:35'),
(178, 1, 38, 'Polen', 1119, '2021', '2023-04-23 07:27:35', '2023-04-23 07:27:35'),
(179, 1, 38, 'Apitoxina', 2, '2021', '2023-04-23 07:27:35', '2023-04-23 07:27:35'),
(180, 1, 39, 'Miel', 18656, '2021', '2023-04-23 07:27:35', '2023-04-23 07:27:35'),
(181, 1, 39, 'Polen', 1440, '2021', '2023-04-23 07:27:35', '2023-04-23 07:27:35'),
(182, 1, 39, 'Apitoxina', 1, '2021', '2023-04-23 07:27:35', '2023-04-23 07:27:35'),
(183, 1, 40, 'Miel', 18197, '2021', '2023-04-23 07:27:35', '2023-04-23 07:27:35'),
(184, 1, 40, 'Polen', 987, '2021', '2023-04-23 07:27:35', '2023-04-23 07:27:35'),
(185, 1, 40, 'Apitoxina', 2, '2021', '2023-04-23 07:27:35', '2023-04-23 07:27:35'),
(186, 1, 41, 'Miel', 18465, '2021', '2023-04-23 07:27:35', '2023-04-23 07:27:35'),
(187, 1, 41, 'Polen', 1468, '2021', '2023-04-23 07:27:35', '2023-04-23 07:27:35'),
(188, 1, 41, 'Apitoxina', 1, '2021', '2023-04-23 07:27:35', '2023-04-23 07:27:35'),
(189, 1, 42, 'Miel', 18374, '2021', '2023-04-23 07:27:35', '2023-04-23 07:27:35'),
(190, 1, 42, 'Polen', 919, '2021', '2023-04-23 07:27:35', '2023-04-23 07:27:35'),
(191, 1, 42, 'Apitoxina', 3, '2021', '2023-04-23 07:27:35', '2023-04-23 07:27:35'),
(192, 1, 43, 'Miel', 18401, '2021', '2023-04-23 07:27:35', '2023-04-23 07:27:35'),
(193, 1, 43, 'Polen', 1129, '2021', '2023-04-23 07:27:35', '2023-04-23 07:27:35'),
(194, 1, 43, 'Apitoxina', 2, '2021', '2023-04-23 07:27:35', '2023-04-23 07:27:35'),
(195, 1, 44, 'Miel', 19471, '2021', '2023-04-23 07:27:35', '2023-04-23 07:27:35'),
(196, 1, 44, 'Polen', 902, '2021', '2023-04-23 07:27:35', '2023-04-23 07:27:35'),
(197, 1, 44, 'Apitoxina', 2, '2021', '2023-04-23 07:27:35', '2023-04-23 07:27:35'),
(198, 1, 45, 'Miel', 18573, '2021', '2023-04-23 07:27:35', '2023-04-23 07:27:35'),
(199, 1, 45, 'Polen', 1075, '2021', '2023-04-23 07:27:35', '2023-04-23 07:27:35'),
(200, 1, 45, 'Apitoxina', 1, '2021', '2023-04-23 07:27:35', '2023-04-23 07:27:35'),
(201, 1, 46, 'Miel', 18117, '2021', '2023-04-23 07:27:35', '2023-04-23 07:27:35'),
(202, 1, 46, 'Polen', 1494, '2021', '2023-04-23 07:27:35', '2023-04-23 07:27:35'),
(203, 1, 46, 'Apitoxina', 2, '2021', '2023-04-23 07:27:35', '2023-04-23 07:27:35'),
(204, 1, 47, 'Miel', 19597, '2021', '2023-04-23 07:27:35', '2023-04-23 07:27:35'),
(205, 1, 47, 'Polen', 1140, '2021', '2023-04-23 07:27:35', '2023-04-23 07:27:35'),
(206, 1, 47, 'Apitoxina', 1, '2021', '2023-04-23 07:27:35', '2023-04-23 07:27:35'),
(207, 1, 48, 'Miel', 18161, '2021', '2023-04-23 07:27:35', '2023-04-23 07:27:35'),
(208, 1, 48, 'Polen', 1305, '2021', '2023-04-23 07:27:35', '2023-04-23 07:27:35'),
(209, 1, 48, 'Apitoxina', 2, '2021', '2023-04-23 07:27:35', '2023-04-23 07:27:35'),
(210, 1, 49, 'Miel', 20299, '2021', '2023-04-23 07:27:35', '2023-04-23 07:27:35'),
(211, 1, 49, 'Polen', 910, '2021', '2023-04-23 07:27:35', '2023-04-23 07:27:35'),
(212, 1, 49, 'Apitoxina', 1, '2021', '2023-04-23 07:27:35', '2023-04-23 07:27:35'),
(213, 1, 50, 'Miel', 19835, '2021', '2023-04-23 07:27:35', '2023-04-23 07:27:35'),
(214, 1, 50, 'Polen', 1257, '2021', '2023-04-23 07:27:35', '2023-04-23 07:27:35'),
(215, 1, 50, 'Apitoxina', 3, '2021', '2023-04-23 07:27:35', '2023-04-23 07:27:35'),
(216, 1, 51, 'Miel', 19733, '2021', '2023-04-23 07:27:35', '2023-04-23 07:27:35'),
(217, 1, 52, 'Miel', 20944, '2021', '2023-04-23 07:27:35', '2023-04-23 07:27:35'),
(218, 1, 53, 'Miel', 20723, '2021', '2023-04-23 07:27:35', '2023-04-23 07:27:35'),
(219, 1, 54, 'Miel', 19444, '2021', '2023-04-23 07:27:35', '2023-04-23 07:27:35'),
(220, 1, 55, 'Miel', 19417, '2021', '2023-04-23 07:27:35', '2023-04-23 07:27:35'),
(221, 1, 56, 'Miel', 20396, '2021', '2023-04-23 07:27:35', '2023-04-23 07:27:35'),
(222, 1, 57, 'Miel', 20903, '2021', '2023-04-23 07:27:35', '2023-04-23 07:27:35'),
(223, 1, 58, 'Miel', 18476, '2021', '2023-04-23 07:27:35', '2023-04-23 07:27:35'),
(224, 1, 59, 'Miel', 18886, '2021', '2023-04-23 07:27:35', '2023-04-23 07:27:35'),
(225, 1, 60, 'Miel', 18337, '2021', '2023-04-23 07:27:35', '2023-04-23 07:27:35'),
(226, 1, 61, 'Miel', 19778, '2021', '2023-04-23 07:27:35', '2023-04-23 07:27:35'),
(227, 1, 62, 'Miel', 20572, '2021', '2023-04-23 07:27:35', '2023-04-23 07:27:35'),
(228, 1, 63, 'Miel', 19136, '2021', '2023-04-23 07:27:35', '2023-04-23 07:27:35'),
(229, 1, 64, 'Miel', 20012, '2021', '2023-04-23 07:27:35', '2023-04-23 07:27:35'),
(230, 1, 65, 'Miel', 18340, '2021', '2023-04-23 07:27:35', '2023-04-23 07:27:35'),
(231, 1, 66, 'Miel', 18744, '2021', '2023-04-23 07:27:35', '2023-04-23 07:27:35'),
(232, 1, 67, 'Miel', 18710, '2021', '2023-04-23 07:27:35', '2023-04-23 07:27:35'),
(233, 1, 68, 'Miel', 20633, '2021', '2023-04-23 07:27:35', '2023-04-23 07:27:35'),
(234, 1, 69, 'Miel', 20370, '2021', '2023-04-23 07:27:35', '2023-04-23 07:27:35'),
(235, 1, 70, 'Miel', 20138, '2021', '2023-04-23 07:27:35', '2023-04-23 07:27:35'),
(236, 1, 71, 'Miel', 19253, '2021', '2023-04-23 07:27:35', '2023-04-23 07:27:35'),
(237, 1, 72, 'Miel', 18554, '2021', '2023-04-23 07:27:35', '2023-04-23 07:27:35'),
(238, 1, 73, 'Miel', 19019, '2021', '2023-04-23 07:27:35', '2023-04-23 07:27:35'),
(239, 1, 74, 'Miel', 19434, '2021', '2023-04-23 07:27:35', '2023-04-23 07:27:35'),
(240, 1, 75, 'Miel', 20706, '2021', '2023-04-23 07:27:35', '2023-04-23 07:27:35'),
(241, 1, 76, 'Miel', 20989, '2021', '2023-04-23 07:27:35', '2023-04-23 07:27:35'),
(242, 1, 77, 'Miel', 19568, '2021', '2023-04-23 07:27:35', '2023-04-23 07:27:35'),
(243, 1, 78, 'Miel', 20816, '2021', '2023-04-23 07:27:35', '2023-04-23 07:27:35'),
(244, 1, 79, 'Miel', 19037, '2021', '2023-04-23 07:27:35', '2023-04-23 07:27:35'),
(245, 1, 80, 'Miel', 19260, '2021', '2023-04-23 07:27:35', '2023-04-23 07:27:35'),
(246, 1, 81, 'Miel', 20740, '2021', '2023-04-23 07:27:35', '2023-04-23 07:27:35'),
(247, 1, 82, 'Miel', 20882, '2021', '2023-04-23 07:27:35', '2023-04-23 07:27:35'),
(248, 1, 83, 'Miel', 20862, '2021', '2023-04-23 07:27:35', '2023-04-23 07:27:35'),
(249, 1, 84, 'Miel', 19729, '2021', '2023-04-23 07:27:35', '2023-04-23 07:27:35'),
(250, 1, 85, 'Miel', 18058, '2021', '2023-04-23 07:27:35', '2023-04-23 07:27:35'),
(251, 1, 86, 'Miel', 18915, '2021', '2023-04-23 07:27:35', '2023-04-23 07:27:35'),
(252, 1, 87, 'Miel', 20545, '2021', '2023-04-23 07:27:35', '2023-04-23 07:27:35'),
(253, 1, 88, 'Miel', 19762, '2021', '2023-04-23 07:27:35', '2023-04-23 07:27:35'),
(254, 1, 89, 'Miel', 19517, '2021', '2023-04-23 07:27:35', '2023-04-23 07:27:35'),
(255, 1, 90, 'Miel', 20209, '2021', '2023-04-23 07:27:35', '2023-04-23 07:27:35'),
(256, 1, 91, 'Miel', 19561, '2021', '2023-04-23 07:27:35', '2023-04-23 07:27:35'),
(257, 1, 92, 'Miel', 20227, '2021', '2023-04-23 07:27:35', '2023-04-23 07:27:35'),
(258, 1, 93, 'Miel', 20869, '2021', '2023-04-23 07:27:35', '2023-04-23 07:27:35'),
(259, 1, 94, 'Miel', 20572, '2021', '2023-04-23 07:27:35', '2023-04-23 07:27:35'),
(260, 1, 95, 'Miel', 19516, '2021', '2023-04-23 07:27:35', '2023-04-23 07:27:35'),
(261, 1, 96, 'Miel', 18088, '2021', '2023-04-23 07:27:35', '2023-04-23 07:27:35'),
(262, 1, 97, 'Miel', 19465, '2021', '2023-04-23 07:27:35', '2023-04-23 07:27:35'),
(263, 1, 98, 'Miel', 20363, '2021', '2023-04-23 07:27:35', '2023-04-23 07:27:35'),
(264, 1, 99, 'Miel', 18197, '2021', '2023-04-23 07:27:35', '2023-04-23 07:27:35'),
(265, 1, 100, 'Miel', 20655, '2021', '2023-04-23 07:27:35', '2023-04-23 07:27:35'),
(266, 1, 101, 'Miel', 19135, '2021', '2023-04-23 07:27:35', '2023-04-23 07:27:35'),
(267, 1, 102, 'Miel', 20733, '2021', '2023-04-23 07:27:35', '2023-04-23 07:27:35'),
(268, 1, 103, 'Miel', 19270, '2021', '2023-04-23 07:27:35', '2023-04-23 07:27:35'),
(269, 1, 104, 'Miel', 18117, '2021', '2023-04-23 07:27:35', '2023-04-23 07:27:35'),
(270, 1, 105, 'Miel', 18613, '2021', '2023-04-23 07:27:35', '2023-04-23 07:27:35'),
(273, 1, 3, 'Miel', 20133, '2022', '2023-04-23 07:27:35', '2023-04-23 07:27:35'),
(274, 1, 4, 'Miel', 19943, '2022', '2023-04-23 07:27:35', '2023-04-23 07:27:35'),
(276, 1, 6, 'Miel', 20078, '2022', '2023-04-23 07:27:35', '2023-04-23 07:27:35'),
(277, 1, 7, 'Miel', 20635, '2022', '2023-04-23 07:27:35', '2023-04-23 07:27:35'),
(278, 1, 8, 'Miel', 18506, '2022', '2023-04-23 07:27:35', '2023-04-23 07:27:35'),
(279, 1, 9, 'Miel', 18534, '2022', '2023-04-23 07:27:35', '2023-04-23 07:27:35'),
(280, 1, 10, 'Miel', 18991, '2022', '2023-04-23 07:27:35', '2023-04-23 07:27:35'),
(281, 1, 11, 'Miel', 20064, '2022', '2023-04-23 07:27:35', '2023-04-23 07:27:35'),
(282, 1, 12, 'Miel', 19820, '2022', '2023-04-23 07:27:35', '2023-04-23 07:27:35'),
(283, 1, 13, 'Miel', 18223, '2022', '2023-04-23 07:27:35', '2023-04-23 07:27:35'),
(284, 1, 14, 'Miel', 20998, '2022', '2023-04-23 07:27:35', '2023-04-23 07:27:35'),
(285, 1, 15, 'Miel', 19344, '2022', '2023-04-23 07:27:35', '2023-04-23 07:27:35'),
(286, 1, 16, 'Miel', 18998, '2022', '2023-04-23 07:27:35', '2023-04-23 07:27:35'),
(287, 1, 17, 'Miel', 18205, '2022', '2023-04-23 07:27:35', '2023-04-23 07:27:35'),
(288, 1, 18, 'Miel', 19804, '2022', '2023-04-23 07:27:35', '2023-04-23 07:27:35'),
(289, 1, 19, 'Miel', 18466, '2022', '2023-04-23 07:27:35', '2023-04-23 07:27:35'),
(290, 1, 20, 'Miel', 19573, '2022', '2023-04-23 07:27:35', '2023-04-23 07:27:35'),
(291, 1, 21, 'Polen', 1281, '2022', '2023-04-23 07:27:35', '2023-04-23 07:27:35'),
(292, 1, 22, 'Polen', 1197, '2022', '2023-04-23 07:27:35', '2023-04-23 07:27:35'),
(293, 1, 23, 'Polen', 1005, '2022', '2023-04-23 07:27:35', '2023-04-23 07:27:35'),
(294, 1, 24, 'Polen', 1291, '2022', '2023-04-23 07:27:35', '2023-04-23 07:27:35'),
(295, 1, 25, 'Polen', 1307, '2022', '2023-04-23 07:27:35', '2023-04-23 07:27:35'),
(296, 1, 26, 'Polen', 1143, '2022', '2023-04-23 07:27:35', '2023-04-23 07:27:35'),
(297, 1, 27, 'Polen', 908, '2022', '2023-04-23 07:27:35', '2023-04-23 07:27:35'),
(298, 1, 28, 'Polen', 1064, '2022', '2023-04-23 07:27:35', '2023-04-23 07:27:35'),
(299, 1, 29, 'Polen', 915, '2022', '2023-04-23 07:27:35', '2023-04-23 07:27:35'),
(300, 1, 30, 'Polen', 1479, '2022', '2023-04-23 07:27:35', '2023-04-23 07:27:35'),
(301, 1, 31, 'Apitoxina', 1, '2022', '2023-04-23 07:27:35', '2023-04-23 07:27:35'),
(302, 1, 32, 'Apitoxina', 2, '2022', '2023-04-23 07:27:35', '2023-04-23 07:27:35'),
(303, 1, 33, 'Apitoxina', 3, '2022', '2023-04-23 07:27:35', '2023-04-23 07:27:35'),
(304, 1, 34, 'Apitoxina', 1, '2022', '2023-04-23 07:27:35', '2023-04-23 07:27:35'),
(305, 1, 35, 'Apitoxina', 3, '2022', '2023-04-23 07:27:35', '2023-04-23 07:27:35'),
(306, 1, 36, 'Miel', 18657, '2022', '2023-04-23 07:27:35', '2023-04-23 07:27:35'),
(307, 1, 36, 'Polen', 1321, '2022', '2023-04-23 07:27:35', '2023-04-23 07:27:35'),
(308, 1, 36, 'Apitoxina', 1, '2022', '2023-04-23 07:27:35', '2023-04-23 07:27:35'),
(309, 1, 37, 'Miel', 18068, '2022', '2023-04-23 07:27:35', '2023-04-23 07:27:35'),
(310, 1, 37, 'Polen', 1259, '2022', '2023-04-23 07:27:35', '2023-04-23 07:27:35'),
(311, 1, 37, 'Apitoxina', 3, '2022', '2023-04-23 07:27:35', '2023-04-23 07:27:35'),
(312, 1, 38, 'Miel', 19719, '2022', '2023-04-23 07:27:35', '2023-04-23 07:27:35'),
(313, 1, 38, 'Polen', 1260, '2022', '2023-04-23 07:27:35', '2023-04-23 07:27:35'),
(314, 1, 38, 'Apitoxina', 1, '2022', '2023-04-23 07:27:35', '2023-04-23 07:27:35'),
(315, 1, 39, 'Miel', 18089, '2022', '2023-04-23 07:27:35', '2023-04-23 07:27:35'),
(316, 1, 39, 'Polen', 1354, '2022', '2023-04-23 07:27:35', '2023-04-23 07:27:35'),
(317, 1, 39, 'Apitoxina', 3, '2022', '2023-04-23 07:27:35', '2023-04-23 07:27:35'),
(318, 1, 40, 'Miel', 20264, '2022', '2023-04-23 07:27:35', '2023-04-23 07:27:35'),
(319, 1, 40, 'Polen', 1123, '2022', '2023-04-23 07:27:35', '2023-04-23 07:27:35'),
(320, 1, 40, 'Apitoxina', 1, '2022', '2023-04-23 07:27:35', '2023-04-23 07:27:35'),
(321, 1, 41, 'Miel', 18119, '2022', '2023-04-23 07:27:35', '2023-04-23 07:27:35'),
(322, 1, 41, 'Polen', 1489, '2022', '2023-04-23 07:27:35', '2023-04-23 07:27:35'),
(323, 1, 41, 'Apitoxina', 2, '2022', '2023-04-23 07:27:35', '2023-04-23 07:27:35'),
(324, 1, 42, 'Miel', 18231, '2022', '2023-04-23 07:27:35', '2023-04-23 07:27:35'),
(325, 1, 42, 'Polen', 1500, '2022', '2023-04-23 07:27:35', '2023-04-23 07:27:35'),
(326, 1, 42, 'Apitoxina', 2, '2022', '2023-04-23 07:27:35', '2023-04-23 07:27:35'),
(327, 1, 43, 'Miel', 18929, '2022', '2023-04-23 07:27:35', '2023-04-23 07:27:35'),
(328, 1, 43, 'Polen', 985, '2022', '2023-04-23 07:27:35', '2023-04-23 07:27:35'),
(329, 1, 43, 'Apitoxina', 1, '2022', '2023-04-23 07:27:35', '2023-04-23 07:27:35'),
(330, 1, 44, 'Miel', 19715, '2022', '2023-04-23 07:27:35', '2023-04-23 07:27:35'),
(331, 1, 44, 'Polen', 908, '2022', '2023-04-23 07:27:35', '2023-04-23 07:27:35'),
(332, 1, 44, 'Apitoxina', 1, '2022', '2023-04-23 07:27:35', '2023-04-23 07:27:35'),
(333, 1, 45, 'Miel', 19677, '2022', '2023-04-23 07:27:35', '2023-04-23 07:27:35'),
(334, 1, 45, 'Polen', 1410, '2022', '2023-04-23 07:27:35', '2023-04-23 07:27:35'),
(335, 1, 45, 'Apitoxina', 2, '2022', '2023-04-23 07:27:35', '2023-04-23 07:27:35'),
(336, 1, 46, 'Miel', 19069, '2022', '2023-04-23 07:27:35', '2023-04-23 07:27:35'),
(337, 1, 46, 'Polen', 1115, '2022', '2023-04-23 07:27:35', '2023-04-23 07:27:35'),
(338, 1, 46, 'Apitoxina', 3, '2022', '2023-04-23 07:27:35', '2023-04-23 07:27:35'),
(339, 1, 47, 'Miel', 18943, '2022', '2023-04-23 07:27:35', '2023-04-23 07:27:35'),
(340, 1, 47, 'Polen', 1214, '2022', '2023-04-23 07:27:35', '2023-04-23 07:27:35'),
(341, 1, 47, 'Apitoxina', 3, '2022', '2023-04-23 07:27:35', '2023-04-23 07:27:35'),
(342, 1, 48, 'Miel', 18278, '2022', '2023-04-23 07:27:35', '2023-04-23 07:27:35'),
(343, 1, 48, 'Polen', 1169, '2022', '2023-04-23 07:27:35', '2023-04-23 07:27:35'),
(344, 1, 48, 'Apitoxina', 1, '2022', '2023-04-23 07:27:35', '2023-04-23 07:27:35'),
(345, 1, 49, 'Miel', 20285, '2022', '2023-04-23 07:27:35', '2023-04-23 07:27:35'),
(346, 1, 49, 'Polen', 1270, '2022', '2023-04-23 07:27:35', '2023-04-23 07:27:35'),
(347, 1, 49, 'Apitoxina', 2, '2022', '2023-04-23 07:27:35', '2023-04-23 07:27:35'),
(348, 1, 50, 'Miel', 20436, '2022', '2023-04-23 07:27:35', '2023-04-23 07:27:35'),
(349, 1, 50, 'Polen', 919, '2022', '2023-04-23 07:27:35', '2023-04-23 07:27:35'),
(350, 1, 50, 'Apitoxina', 1, '2022', '2023-04-23 07:27:35', '2023-04-23 07:27:35'),
(351, 1, 51, 'Miel', 19563, '2022', '2023-04-23 07:27:35', '2023-04-23 07:27:35'),
(352, 1, 52, 'Miel', 20397, '2022', '2023-04-23 07:27:35', '2023-04-23 07:27:35'),
(353, 1, 53, 'Miel', 19846, '2022', '2023-04-23 07:27:35', '2023-04-23 07:27:35'),
(354, 1, 54, 'Miel', 19705, '2022', '2023-04-23 07:27:35', '2023-04-23 07:27:35'),
(355, 1, 55, 'Miel', 19338, '2022', '2023-04-23 07:27:35', '2023-04-23 07:27:35'),
(356, 1, 56, 'Miel', 18500, '2022', '2023-04-23 07:27:35', '2023-04-23 07:27:35'),
(357, 1, 57, 'Miel', 18107, '2022', '2023-04-23 07:27:35', '2023-04-23 07:27:35'),
(358, 1, 58, 'Miel', 18170, '2022', '2023-04-23 07:27:35', '2023-04-23 07:27:35'),
(359, 1, 59, 'Miel', 19000, '2022', '2023-04-23 07:27:35', '2023-04-23 07:27:35'),
(360, 1, 60, 'Miel', 20118, '2022', '2023-04-23 07:27:35', '2023-04-23 07:27:35'),
(361, 1, 61, 'Miel', 19807, '2022', '2023-04-23 07:27:35', '2023-04-23 07:27:35'),
(362, 1, 62, 'Miel', 19396, '2022', '2023-04-23 07:27:35', '2023-04-23 07:27:35'),
(363, 1, 63, 'Miel', 18625, '2022', '2023-04-23 07:27:35', '2023-04-23 07:27:35'),
(364, 1, 64, 'Miel', 19012, '2022', '2023-04-23 07:27:35', '2023-04-23 07:27:35'),
(365, 1, 65, 'Miel', 19564, '2022', '2023-04-23 07:27:35', '2023-04-23 07:27:35'),
(366, 1, 66, 'Miel', 19297, '2022', '2023-04-23 07:27:35', '2023-04-23 07:27:35'),
(367, 1, 67, 'Miel', 20052, '2022', '2023-04-23 07:27:35', '2023-04-23 07:27:35'),
(368, 1, 68, 'Miel', 20034, '2022', '2023-04-23 07:27:35', '2023-04-23 07:27:35'),
(369, 1, 69, 'Miel', 20473, '2022', '2023-04-23 07:27:35', '2023-04-23 07:27:35'),
(370, 1, 70, 'Miel', 20228, '2022', '2023-04-23 07:27:35', '2023-04-23 07:27:35'),
(371, 1, 71, 'Miel', 18851, '2022', '2023-04-23 07:27:35', '2023-04-23 07:27:35'),
(372, 1, 72, 'Miel', 20171, '2022', '2023-04-23 07:27:35', '2023-04-23 07:27:35'),
(373, 1, 73, 'Miel', 18350, '2022', '2023-04-23 07:27:35', '2023-04-23 07:27:35'),
(374, 1, 74, 'Miel', 19699, '2022', '2023-04-23 07:27:35', '2023-04-23 07:27:35'),
(375, 1, 75, 'Miel', 20541, '2022', '2023-04-23 07:27:35', '2023-04-23 07:27:35'),
(376, 1, 76, 'Miel', 20712, '2022', '2023-04-23 07:27:35', '2023-04-23 07:27:35'),
(377, 1, 77, 'Miel', 19879, '2022', '2023-04-23 07:27:35', '2023-04-23 07:27:35'),
(378, 1, 78, 'Miel', 19702, '2022', '2023-04-23 07:27:35', '2023-04-23 07:27:35'),
(379, 1, 79, 'Miel', 19543, '2022', '2023-04-23 07:27:35', '2023-04-23 07:27:35'),
(380, 1, 80, 'Miel', 18644, '2022', '2023-04-23 07:27:35', '2023-04-23 07:27:35'),
(381, 1, 81, 'Miel', 19382, '2022', '2023-04-23 07:27:35', '2023-04-23 07:27:35'),
(382, 1, 82, 'Miel', 19927, '2022', '2023-04-23 07:27:35', '2023-04-23 07:27:35'),
(383, 1, 83, 'Miel', 20297, '2022', '2023-04-23 07:27:35', '2023-04-23 07:27:35'),
(384, 1, 84, 'Miel', 20179, '2022', '2023-04-23 07:27:35', '2023-04-23 07:27:35'),
(385, 1, 85, 'Miel', 20824, '2022', '2023-04-23 07:27:35', '2023-04-23 07:27:35'),
(386, 1, 86, 'Miel', 19343, '2022', '2023-04-23 07:27:35', '2023-04-23 07:27:35'),
(387, 1, 87, 'Miel', 19140, '2022', '2023-04-23 07:27:35', '2023-04-23 07:27:35'),
(388, 1, 88, 'Miel', 20062, '2022', '2023-04-23 07:27:35', '2023-04-23 07:27:35'),
(389, 1, 89, 'Miel', 20200, '2022', '2023-04-23 07:27:35', '2023-04-23 07:27:35'),
(390, 1, 90, 'Miel', 18402, '2022', '2023-04-23 07:27:35', '2023-04-23 07:27:35'),
(391, 1, 91, 'Miel', 20955, '2022', '2023-04-23 07:27:35', '2023-04-23 07:27:35'),
(392, 1, 92, 'Miel', 18681, '2022', '2023-04-23 07:27:35', '2023-04-23 07:27:35'),
(393, 1, 93, 'Miel', 18746, '2022', '2023-04-23 07:27:35', '2023-04-23 07:27:35'),
(394, 1, 94, 'Miel', 18130, '2022', '2023-04-23 07:27:35', '2023-04-23 07:27:35'),
(395, 1, 95, 'Miel', 18549, '2022', '2023-04-23 07:27:35', '2023-04-23 07:27:35'),
(396, 1, 96, 'Miel', 20837, '2022', '2023-04-23 07:27:35', '2023-04-23 07:27:35'),
(397, 1, 97, 'Miel', 18163, '2022', '2023-04-23 07:27:35', '2023-04-23 07:27:35'),
(398, 1, 98, 'Miel', 20049, '2022', '2023-04-23 07:27:35', '2023-04-23 07:27:35'),
(399, 1, 99, 'Miel', 20097, '2022', '2023-04-23 07:27:35', '2023-04-23 07:27:35'),
(400, 1, 100, 'Miel', 20446, '2022', '2023-04-23 07:27:35', '2023-04-23 07:27:35'),
(401, 1, 101, 'Miel', 19608, '2022', '2023-04-23 07:27:35', '2023-04-23 07:27:35'),
(402, 1, 102, 'Miel', 19199, '2022', '2023-04-23 07:27:35', '2023-04-23 07:27:35'),
(403, 1, 103, 'Miel', 18083, '2022', '2023-04-23 07:27:35', '2023-04-23 07:27:35'),
(404, 1, 104, 'Miel', 19794, '2022', '2023-04-23 07:27:35', '2023-04-23 07:27:35'),
(405, 1, 105, 'Miel', 20476, '2022', '2023-04-23 07:27:35', '2023-04-23 07:27:35'),
(408, 1, 3, 'Miel', 7180, '2023', '2023-04-23 07:27:35', '2023-04-23 07:27:35'),
(409, 1, 4, 'Miel', 8809, '2023', '2023-04-23 07:27:35', '2023-04-23 07:27:35'),
(411, 1, 6, 'Miel', 9109, '2023', '2023-04-23 07:27:35', '2023-04-23 07:27:35'),
(412, 1, 7, 'Miel', 8077, '2023', '2023-04-23 07:27:35', '2023-04-23 07:27:35'),
(413, 1, 8, 'Miel', 9670, '2023', '2023-04-23 07:27:35', '2023-04-23 07:27:35'),
(414, 1, 9, 'Miel', 8265, '2023', '2023-04-23 07:27:35', '2023-04-23 07:27:35'),
(415, 1, 10, 'Miel', 7248, '2023', '2023-04-23 07:27:35', '2023-04-23 07:27:35'),
(416, 1, 11, 'Miel', 8596, '2023', '2023-04-23 07:27:35', '2023-04-23 07:27:35'),
(417, 1, 12, 'Miel', 9378, '2023', '2023-04-23 07:27:35', '2023-04-23 07:27:35'),
(418, 1, 13, 'Miel', 7947, '2023', '2023-04-23 07:27:35', '2023-04-23 07:27:35'),
(419, 1, 14, 'Miel', 7832, '2023', '2023-04-23 07:27:35', '2023-04-23 07:27:35'),
(420, 1, 15, 'Miel', 7362, '2023', '2023-04-23 07:27:35', '2023-04-23 07:27:35'),
(421, 1, 16, 'Miel', 7488, '2023', '2023-04-23 07:27:35', '2023-04-23 07:27:35'),
(422, 1, 17, 'Miel', 7021, '2023', '2023-04-23 07:27:35', '2023-04-23 07:27:35'),
(423, 1, 18, 'Miel', 8211, '2023', '2023-04-23 07:27:35', '2023-04-23 07:27:35'),
(424, 1, 19, 'Miel', 8040, '2023', '2023-04-23 07:27:35', '2023-04-23 07:27:35'),
(425, 1, 20, 'Miel', 7439, '2023', '2023-04-23 07:27:35', '2023-04-23 07:27:35'),
(426, 1, 21, 'Polen', 397, '2023', '2023-04-23 07:27:35', '2023-04-23 07:27:35'),
(427, 1, 22, 'Polen', 483, '2023', '2023-04-23 07:27:35', '2023-04-23 07:27:35'),
(428, 1, 23, 'Polen', 435, '2023', '2023-04-23 07:27:35', '2023-04-23 07:27:35'),
(429, 1, 24, 'Polen', 401, '2023', '2023-04-23 07:27:35', '2023-04-23 07:27:35'),
(430, 1, 25, 'Polen', 381, '2023', '2023-04-23 07:27:35', '2023-04-23 07:27:35'),
(431, 1, 26, 'Polen', 460, '2023', '2023-04-23 07:27:35', '2023-04-23 07:27:35'),
(432, 1, 27, 'Polen', 393, '2023', '2023-04-23 07:27:35', '2023-04-23 07:27:35'),
(433, 1, 28, 'Polen', 395, '2023', '2023-04-23 07:27:35', '2023-04-23 07:27:35'),
(434, 1, 29, 'Polen', 398, '2023', '2023-04-23 07:27:35', '2023-04-23 07:27:35'),
(435, 1, 30, 'Polen', 461, '2023', '2023-04-23 07:27:35', '2023-04-23 07:27:35'),
(436, 1, 31, 'Apitoxina', 0, '2023', '2023-04-23 07:27:35', '2023-04-23 07:27:35'),
(438, 1, 33, 'Apitoxina', 0, '2023', '2023-04-23 07:27:35', '2023-04-23 07:27:35'),
(439, 1, 34, 'Apitoxina', 0, '2023', '2023-04-23 07:27:35', '2023-04-23 07:27:35'),
(440, 1, 35, 'Apitoxina', 1, '2023', '2023-04-23 07:27:35', '2023-04-23 07:27:35'),
(441, 1, 36, 'Miel', 8309, '2023', '2023-04-23 07:27:35', '2023-04-23 07:27:35'),
(442, 1, 36, 'Polen', 447, '2023', '2023-04-23 07:27:35', '2023-04-23 07:27:35'),
(443, 1, 36, 'Apitoxina', 0, '2023', '2023-04-23 07:27:35', '2023-04-23 07:27:35'),
(444, 1, 37, 'Miel', 7276, '2023', '2023-04-23 07:27:35', '2023-04-23 07:27:35'),
(445, 1, 37, 'Polen', 427, '2023', '2023-04-23 07:27:35', '2023-04-23 07:27:35'),
(446, 1, 37, 'Apitoxina', 1, '2023', '2023-04-23 07:27:35', '2023-04-23 07:27:35'),
(447, 1, 38, 'Miel', 9933, '2023', '2023-04-23 07:27:35', '2023-04-23 07:27:35'),
(448, 1, 38, 'Polen', 370, '2023', '2023-04-23 07:27:35', '2023-04-23 07:27:35'),
(449, 1, 38, 'Apitoxina', 0, '2023', '2023-04-23 07:27:35', '2023-04-23 07:27:35'),
(450, 1, 39, 'Miel', 8262, '2023', '2023-04-23 07:27:35', '2023-04-23 07:27:35'),
(451, 1, 39, 'Polen', 494, '2023', '2023-04-23 07:27:35', '2023-04-23 07:27:35'),
(452, 1, 39, 'Apitoxina', 2, '2023', '2023-04-23 07:27:35', '2023-04-23 07:27:35'),
(453, 1, 40, 'Miel', 8216, '2023', '2023-04-23 07:27:35', '2023-04-23 07:27:35'),
(454, 1, 40, 'Polen', 321, '2023', '2023-04-23 07:27:35', '2023-04-23 07:27:35'),
(455, 1, 40, 'Apitoxina', 2, '2023', '2023-04-23 07:27:35', '2023-04-23 07:27:35'),
(456, 1, 41, 'Miel', 8612, '2023', '2023-04-23 07:27:35', '2023-04-23 07:27:35'),
(457, 1, 41, 'Polen', 334, '2023', '2023-04-23 07:27:35', '2023-04-23 07:27:35'),
(458, 1, 41, 'Apitoxina', 2, '2023', '2023-04-23 07:27:35', '2023-04-23 07:27:35'),
(459, 1, 42, 'Miel', 9745, '2023', '2023-04-23 07:27:35', '2023-04-23 07:27:35'),
(460, 1, 42, 'Polen', 387, '2023', '2023-04-23 07:27:35', '2023-04-23 07:27:35'),
(461, 1, 42, 'Apitoxina', 2, '2023', '2023-04-23 07:27:35', '2023-04-23 07:27:35'),
(462, 1, 43, 'Miel', 9558, '2023', '2023-04-23 07:27:35', '2023-04-23 07:27:35'),
(463, 1, 43, 'Polen', 417, '2023', '2023-04-23 07:27:35', '2023-04-23 07:27:35'),
(464, 1, 43, 'Apitoxina', 1, '2023', '2023-04-23 07:27:35', '2023-04-23 07:27:35'),
(465, 1, 44, 'Miel', 9563, '2023', '2023-04-23 07:27:35', '2023-04-23 07:27:35'),
(466, 1, 44, 'Polen', 327, '2023', '2023-04-23 07:27:35', '2023-04-23 07:27:35'),
(467, 1, 44, 'Apitoxina', 0, '2023', '2023-04-23 07:27:35', '2023-04-23 07:27:35'),
(468, 1, 45, 'Miel', 9016, '2023', '2023-04-23 07:27:35', '2023-04-23 07:27:35'),
(469, 1, 45, 'Polen', 492, '2023', '2023-04-23 07:27:35', '2023-04-23 07:27:35'),
(470, 1, 45, 'Apitoxina', 1, '2023', '2023-04-23 07:27:35', '2023-04-23 07:27:35'),
(471, 1, 46, 'Miel', 7367, '2023', '2023-04-23 07:27:35', '2023-04-23 07:27:35'),
(472, 1, 46, 'Polen', 466, '2023', '2023-04-23 07:27:35', '2023-04-23 07:27:35'),
(473, 1, 46, 'Apitoxina', 2, '2023', '2023-04-23 07:27:35', '2023-04-23 07:27:35'),
(474, 1, 47, 'Miel', 8907, '2023', '2023-04-23 07:27:36', '2023-04-23 07:27:36'),
(475, 1, 47, 'Polen', 350, '2023', '2023-04-23 07:27:36', '2023-04-23 07:27:36'),
(476, 1, 47, 'Apitoxina', 1, '2023', '2023-04-23 07:27:36', '2023-04-23 07:27:36'),
(477, 1, 48, 'Miel', 7008, '2023', '2023-04-23 07:27:36', '2023-04-23 07:27:36'),
(478, 1, 48, 'Polen', 454, '2023', '2023-04-23 07:27:36', '2023-04-23 07:27:36'),
(479, 1, 48, 'Apitoxina', 2, '2023', '2023-04-23 07:27:36', '2023-04-23 07:27:36'),
(480, 1, 49, 'Miel', 8013, '2023', '2023-04-23 07:27:36', '2023-04-23 07:27:36'),
(481, 1, 49, 'Polen', 308, '2023', '2023-04-23 07:27:36', '2023-04-23 07:27:36'),
(482, 1, 49, 'Apitoxina', 1, '2023', '2023-04-23 07:27:36', '2023-04-23 07:27:36'),
(483, 1, 50, 'Miel', 7218, '2023', '2023-04-23 07:27:36', '2023-04-23 07:27:36'),
(484, 1, 50, 'Polen', 324, '2023', '2023-04-23 07:27:36', '2023-04-23 07:27:36'),
(485, 1, 50, 'Apitoxina', 2, '2023', '2023-04-23 07:27:36', '2023-04-23 07:27:36'),
(486, 1, 51, 'Miel', 7750, '2023', '2023-04-23 07:27:36', '2023-04-23 07:27:36'),
(487, 1, 52, 'Miel', 7344, '2023', '2023-04-23 07:27:36', '2023-04-23 07:27:36'),
(488, 1, 53, 'Miel', 8958, '2023', '2023-04-23 07:27:36', '2023-04-23 07:27:36'),
(489, 1, 54, 'Miel', 8772, '2023', '2023-04-23 07:27:36', '2023-04-23 07:27:36'),
(490, 1, 55, 'Miel', 7367, '2023', '2023-04-23 07:27:36', '2023-04-23 07:27:36'),
(491, 1, 56, 'Miel', 8806, '2023', '2023-04-23 07:27:36', '2023-04-23 07:27:36'),
(492, 1, 57, 'Miel', 7986, '2023', '2023-04-23 07:27:36', '2023-04-23 07:27:36'),
(493, 1, 58, 'Miel', 8065, '2023', '2023-04-23 07:27:36', '2023-04-23 07:27:36'),
(494, 1, 59, 'Miel', 8307, '2023', '2023-04-23 07:27:36', '2023-04-23 07:27:36'),
(495, 1, 60, 'Miel', 8062, '2023', '2023-04-23 07:27:36', '2023-04-23 07:27:36'),
(496, 1, 61, 'Miel', 9111, '2023', '2023-04-23 07:27:36', '2023-04-23 07:27:36'),
(497, 1, 62, 'Miel', 7277, '2023', '2023-04-23 07:27:36', '2023-04-23 07:27:36'),
(498, 1, 63, 'Miel', 9560, '2023', '2023-04-23 07:27:36', '2023-04-23 07:27:36'),
(499, 1, 64, 'Miel', 9594, '2023', '2023-04-23 07:27:36', '2023-04-23 07:27:36'),
(500, 1, 65, 'Miel', 9749, '2023', '2023-04-23 07:27:36', '2023-04-23 07:27:36'),
(501, 1, 66, 'Miel', 9793, '2023', '2023-04-23 07:27:36', '2023-04-23 07:27:36'),
(502, 1, 67, 'Miel', 9512, '2023', '2023-04-23 07:27:36', '2023-04-23 07:27:36'),
(503, 1, 68, 'Miel', 8025, '2023', '2023-04-23 07:27:36', '2023-04-23 07:27:36'),
(504, 1, 69, 'Miel', 9561, '2023', '2023-04-23 07:27:36', '2023-04-23 07:27:36'),
(505, 1, 70, 'Miel', 8128, '2023', '2023-04-23 07:27:36', '2023-04-23 07:27:36'),
(506, 1, 71, 'Miel', 8118, '2023', '2023-04-23 07:27:36', '2023-04-23 07:27:36'),
(507, 1, 72, 'Miel', 7119, '2023', '2023-04-23 07:27:36', '2023-04-23 07:27:36'),
(508, 1, 73, 'Miel', 9736, '2023', '2023-04-23 07:27:36', '2023-04-23 07:27:36'),
(509, 1, 74, 'Miel', 8402, '2023', '2023-04-23 07:27:36', '2023-04-23 07:27:36'),
(510, 1, 75, 'Miel', 7125, '2023', '2023-04-23 07:27:36', '2023-04-23 07:27:36'),
(511, 1, 76, 'Miel', 9927, '2023', '2023-04-23 07:27:36', '2023-04-23 07:27:36'),
(512, 1, 77, 'Miel', 9299, '2023', '2023-04-23 07:27:36', '2023-04-23 07:27:36'),
(513, 1, 78, 'Miel', 8425, '2023', '2023-04-23 07:27:36', '2023-04-23 07:27:36'),
(514, 1, 79, 'Miel', 8214, '2023', '2023-04-23 07:27:36', '2023-04-23 07:27:36'),
(515, 1, 80, 'Miel', 7377, '2023', '2023-04-23 07:27:36', '2023-04-23 07:27:36'),
(516, 1, 81, 'Miel', 8206, '2023', '2023-04-23 07:27:36', '2023-04-23 07:27:36'),
(517, 1, 82, 'Miel', 7465, '2023', '2023-04-23 07:27:36', '2023-04-23 07:27:36'),
(518, 1, 83, 'Miel', 9308, '2023', '2023-04-23 07:27:36', '2023-04-23 07:27:36'),
(519, 1, 84, 'Miel', 9791, '2023', '2023-04-23 07:27:36', '2023-04-23 07:27:36'),
(520, 1, 85, 'Miel', 7917, '2023', '2023-04-23 07:27:36', '2023-04-23 07:27:36'),
(521, 1, 86, 'Miel', 7083, '2023', '2023-04-23 07:27:36', '2023-04-23 07:27:36'),
(522, 1, 87, 'Miel', 7935, '2023', '2023-04-23 07:27:36', '2023-04-23 07:27:36'),
(523, 1, 88, 'Miel', 7532, '2023', '2023-04-23 07:27:36', '2023-04-23 07:27:36'),
(524, 1, 89, 'Miel', 9602, '2023', '2023-04-23 07:27:36', '2023-04-23 07:27:36'),
(525, 1, 90, 'Miel', 7533, '2023', '2023-04-23 07:27:36', '2023-04-23 07:27:36'),
(526, 1, 91, 'Miel', 9957, '2023', '2023-04-23 07:27:36', '2023-04-23 07:27:36'),
(527, 1, 92, 'Miel', 9189, '2023', '2023-04-23 07:27:36', '2023-04-23 07:27:36'),
(528, 1, 93, 'Miel', 7976, '2023', '2023-04-23 07:27:36', '2023-04-23 07:27:36'),
(529, 1, 94, 'Miel', 7985, '2023', '2023-04-23 07:27:36', '2023-04-23 07:27:36'),
(530, 1, 95, 'Miel', 7990, '2023', '2023-04-23 07:27:36', '2023-04-23 07:27:36'),
(531, 1, 96, 'Miel', 7764, '2023', '2023-04-23 07:27:36', '2023-04-23 07:27:36'),
(532, 1, 97, 'Miel', 7259, '2023', '2023-04-23 07:27:36', '2023-04-23 07:27:36'),
(533, 1, 98, 'Miel', 7016, '2023', '2023-04-23 07:27:36', '2023-04-23 07:27:36'),
(534, 1, 99, 'Miel', 9298, '2023', '2023-04-23 07:27:36', '2023-04-23 07:27:36'),
(535, 1, 100, 'Miel', 9077, '2023', '2023-04-23 07:27:36', '2023-04-23 07:27:36'),
(536, 1, 101, 'Miel', 9259, '2023', '2023-04-23 07:27:36', '2023-04-23 07:27:36'),
(537, 1, 102, 'Miel', 8173, '2023', '2023-04-23 07:27:36', '2023-04-23 07:27:36'),
(538, 1, 103, 'Miel', 9328, '2023', '2023-04-23 07:27:36', '2023-04-23 07:27:36'),
(539, 1, 104, 'Miel', 7004, '2023', '2023-04-23 07:27:36', '2023-04-23 07:27:36'),
(540, 1, 105, 'Miel', 9259, '2023', '2023-04-23 07:27:36', '2023-04-23 07:27:36');

-- --------------------------------------------------------

--
-- Estructura de tabla para la tabla `queens`
--

CREATE TABLE `queens` (
  `id` bigint(20) UNSIGNED NOT NULL,
  `user_id` bigint(20) UNSIGNED NOT NULL,
  `race` varchar(255) COLLATE utf8mb4_unicode_ci NOT NULL,
  `color` varchar(255) COLLATE utf8mb4_unicode_ci NOT NULL,
  `start_date` varchar(255) COLLATE utf8mb4_unicode_ci NOT NULL,
  `end_date` varchar(255) COLLATE utf8mb4_unicode_ci NOT NULL,
  `is_inseminated` tinyint(1) NOT NULL,
  `is_zanganera` tinyint(1) NOT NULL,
  `is_new_blood` tinyint(1) NOT NULL,
  `created_at` timestamp NULL DEFAULT NULL,
  `updated_at` timestamp NULL DEFAULT NULL
) ENGINE=InnoDB DEFAULT CHARSET=utf8mb4 COLLATE=utf8mb4_unicode_ci;

--
-- Volcado de datos para la tabla `queens`
--

INSERT INTO `queens` (`id`, `user_id`, `race`, `color`, `start_date`, `end_date`, `is_inseminated`, `is_zanganera`, `is_new_blood`, `created_at`, `updated_at`) VALUES
(1, 1, 'Europea', 'Azul', '2020', '2024', 1, 0, 0, '2023-04-23 07:27:34', '2023-04-23 07:27:34'),
(2, 1, 'Africana', 'Blanco', '2021', '2025', 1, 0, 1, '2023-04-23 07:27:34', '2023-04-23 07:27:34'),
(3, 1, 'Europea', 'Azul', '2020', '2024', 1, 1, 0, '2023-04-23 07:27:34', '2023-04-23 07:27:34'),
(4, 1, 'Ibérica', 'Amarillo', '2022', '2026', 1, 1, 1, '2023-04-23 07:27:34', '2023-04-23 07:27:34'),
(5, 1, 'Africana', 'Azul', '2020', '2024', 1, 0, 1, '2023-04-23 07:27:34', '2023-04-23 07:27:34'),
(6, 1, 'Ibérica', 'Amarillo', '2022', '2026', 1, 0, 0, '2023-04-23 07:27:34', '2023-04-23 07:27:34'),
(7, 1, 'Africana', 'Rojo', '2023', '2027', 1, 0, 1, '2023-04-23 07:27:34', '2023-04-23 07:27:34'),
(8, 1, 'Europea', 'Verde', '2019', '2023', 1, 0, 1, '2023-04-23 07:27:34', '2023-04-23 07:27:34'),
(9, 1, 'Ibérica', 'Verde', '2019', '2023', 1, 1, 1, '2023-04-23 07:27:34', '2023-04-23 07:27:34'),
(10, 1, 'Africana', 'Azul', '2020', '2024', 1, 1, 0, '2023-04-23 07:27:34', '2023-04-23 07:27:34'),
(11, 1, 'Cárnica', 'Rojo', '2023', '2027', 1, 1, 0, '2023-04-23 07:27:34', '2023-04-23 07:27:34'),
(12, 1, 'Ibérica', 'Blanco', '2021', '2025', 1, 1, 1, '2023-04-23 07:27:34', '2023-04-23 07:27:34'),
(13, 1, 'Ibérica', 'Rojo', '2023', '2027', 1, 1, 1, '2023-04-23 07:27:34', '2023-04-23 07:27:34'),
(14, 1, 'Europea', 'Azul', '2020', '2024', 1, 0, 0, '2023-04-23 07:27:34', '2023-04-23 07:27:34'),
(15, 1, 'Africana', 'Amarillo', '2022', '2026', 1, 0, 1, '2023-04-23 07:27:34', '2023-04-23 07:27:34'),
(16, 1, 'Cárnica', 'Amarillo', '2022', '2026', 1, 0, 0, '2023-04-23 07:27:34', '2023-04-23 07:27:34'),
(17, 1, 'Ibérica', 'Verde', '2019', '2023', 1, 0, 0, '2023-04-23 07:27:34', '2023-04-23 07:27:34'),
(18, 1, 'Cárnica', 'Verde', '2019', '2023', 1, 1, 0, '2023-04-23 07:27:34', '2023-04-23 07:27:34'),
(19, 1, 'Italiana', 'Blanco', '2021', '2025', 1, 1, 1, '2023-04-23 07:27:34', '2023-04-23 07:27:34'),
(20, 1, 'Africana', 'Verde', '2019', '2023', 1, 1, 1, '2023-04-23 07:27:34', '2023-04-23 07:27:34'),
(21, 1, 'Africana', 'Rojo', '2023', '2027', 1, 1, 1, '2023-04-23 07:27:34', '2023-04-23 07:27:34'),
(22, 1, 'Africana', 'Amarillo', '2022', '2026', 1, 1, 0, '2023-04-23 07:27:34', '2023-04-23 07:27:34'),
(23, 1, 'Cárnica', 'Amarillo', '2022', '2026', 1, 0, 1, '2023-04-23 07:27:34', '2023-04-23 07:27:34'),
(24, 1, 'Italiana', 'Verde', '2019', '2023', 1, 1, 0, '2023-04-23 07:27:34', '2023-04-23 07:27:34'),
(25, 1, 'Cárnica', 'Amarillo', '2022', '2026', 1, 1, 0, '2023-04-23 07:27:34', '2023-04-23 07:27:34'),
(26, 1, 'Ibérica', 'Verde', '2019', '2023', 1, 1, 0, '2023-04-23 07:27:34', '2023-04-23 07:27:34'),
(27, 1, 'Africana', 'Rojo', '2023', '2027', 1, 0, 1, '2023-04-23 07:27:34', '2023-04-23 07:27:34'),
(28, 1, 'Ibérica', 'Verde', '2019', '2023', 1, 0, 0, '2023-04-23 07:27:34', '2023-04-23 07:27:34'),
(29, 1, 'Europea', 'Amarillo', '2022', '2026', 1, 1, 1, '2023-04-23 07:27:34', '2023-04-23 07:27:34'),
(30, 1, 'Europea', 'Amarillo', '2022', '2026', 1, 0, 1, '2023-04-23 07:27:34', '2023-04-23 07:27:34'),
(31, 1, 'Ibérica', 'Azul', '2020', '2024', 1, 0, 1, '2023-04-23 07:27:34', '2023-04-23 07:27:34'),
(32, 1, 'Ibérica', 'Blanco', '2021', '2025', 1, 0, 1, '2023-04-23 07:27:34', '2023-04-23 07:27:34'),
(33, 1, 'Cárnica', 'Verde', '2019', '2023', 1, 1, 0, '2023-04-23 07:27:34', '2023-04-23 07:27:34'),
(34, 1, 'Italiana', 'Verde', '2019', '2023', 1, 0, 0, '2023-04-23 07:27:34', '2023-04-23 07:27:34'),
(35, 1, 'Cárnica', 'Verde', '2019', '2023', 1, 1, 0, '2023-04-23 07:27:34', '2023-04-23 07:27:34'),
(36, 1, 'Cárnica', 'Rojo', '2023', '2027', 1, 1, 1, '2023-04-23 07:27:34', '2023-04-23 07:27:34'),
(37, 1, 'Africana', 'Amarillo', '2022', '2026', 1, 1, 1, '2023-04-23 07:27:34', '2023-04-23 07:27:34'),
(38, 1, 'Ibérica', 'Rojo', '2023', '2027', 1, 0, 1, '2023-04-23 07:27:34', '2023-04-23 07:27:34'),
(39, 1, 'Ibérica', 'Amarillo', '2022', '2026', 1, 1, 0, '2023-04-23 07:27:34', '2023-04-23 07:27:34'),
(40, 1, 'Africana', 'Verde', '2019', '2023', 1, 0, 1, '2023-04-23 07:27:34', '2023-04-23 07:27:34'),
(41, 1, 'Italiana', 'Blanco', '2021', '2025', 1, 0, 0, '2023-04-23 07:27:34', '2023-04-23 07:27:34'),
(42, 1, 'Cárnica', 'Azul', '2020', '2024', 1, 1, 0, '2023-04-23 07:27:34', '2023-04-23 07:27:34'),
(43, 1, 'Ibérica', 'Verde', '2019', '2023', 1, 1, 1, '2023-04-23 07:27:34', '2023-04-23 07:27:34'),
(44, 1, 'Ibérica', 'Blanco', '2021', '2025', 1, 1, 0, '2023-04-23 07:27:34', '2023-04-23 07:27:34'),
(45, 1, 'Africana', 'Amarillo', '2022', '2026', 1, 1, 0, '2023-04-23 07:27:34', '2023-04-23 07:27:34'),
(46, 1, 'Cárnica', 'Verde', '2019', '2023', 1, 0, 0, '2023-04-23 07:27:34', '2023-04-23 07:27:34'),
(47, 1, 'Ibérica', 'Verde', '2019', '2023', 1, 1, 1, '2023-04-23 07:27:34', '2023-04-23 07:27:34'),
(48, 1, 'Italiana', 'Blanco', '2021', '2025', 1, 0, 1, '2023-04-23 07:27:34', '2023-04-23 07:27:34'),
(49, 1, 'Italiana', 'Blanco', '2021', '2025', 1, 0, 0, '2023-04-23 07:27:34', '2023-04-23 07:27:34'),
(50, 1, 'Africana', 'Amarillo', '2022', '2026', 1, 1, 1, '2023-04-23 07:27:34', '2023-04-23 07:27:34'),
(51, 1, 'Cárnica', 'Rojo', '2023', '2027', 1, 1, 1, '2023-04-23 07:27:34', '2023-04-23 07:27:34'),
(52, 1, 'Ibérica', 'Amarillo', '2022', '2026', 1, 0, 1, '2023-04-23 07:27:34', '2023-04-23 07:27:34'),
(53, 1, 'Italiana', 'Azul', '2020', '2024', 1, 0, 0, '2023-04-23 07:27:34', '2023-04-23 07:27:34'),
(54, 1, 'Cárnica', 'Amarillo', '2022', '2026', 1, 1, 1, '2023-04-23 07:27:34', '2023-04-23 07:27:34'),
(55, 1, 'Italiana', 'Amarillo', '2022', '2026', 1, 0, 1, '2023-04-23 07:27:34', '2023-04-23 07:27:34'),
(56, 1, 'Ibérica', 'Rojo', '2023', '2027', 1, 1, 1, '2023-04-23 07:27:34', '2023-04-23 07:27:34'),
(57, 1, 'Africana', 'Verde', '2019', '2023', 1, 0, 1, '2023-04-23 07:27:34', '2023-04-23 07:27:34'),
(58, 1, 'Italiana', 'Azul', '2020', '2024', 1, 1, 0, '2023-04-23 07:27:34', '2023-04-23 07:27:34'),
(59, 1, 'Cárnica', 'Amarillo', '2022', '2026', 1, 0, 0, '2023-04-23 07:27:34', '2023-04-23 07:27:34'),
(60, 1, 'Cárnica', 'Rojo', '2023', '2027', 1, 0, 0, '2023-04-23 07:27:34', '2023-04-23 07:27:34'),
(61, 1, 'Italiana', 'Amarillo', '2022', '2026', 1, 0, 1, '2023-04-23 07:27:34', '2023-04-23 07:27:34'),
(62, 1, 'Europea', 'Amarillo', '2022', '2026', 1, 0, 1, '2023-04-23 07:27:34', '2023-04-23 07:27:34'),
(63, 1, 'Italiana', 'Rojo', '2023', '2027', 1, 0, 1, '2023-04-23 07:27:34', '2023-04-23 07:27:34'),
(64, 1, 'Ibérica', 'Blanco', '2021', '2025', 1, 0, 0, '2023-04-23 07:27:34', '2023-04-23 07:27:34'),
(65, 1, 'Cárnica', 'Verde', '2019', '2023', 1, 0, 1, '2023-04-23 07:27:34', '2023-04-23 07:27:34'),
(66, 1, 'Africana', 'Rojo', '2023', '2027', 1, 1, 0, '2023-04-23 07:27:34', '2023-04-23 07:27:34'),
(67, 1, 'Cárnica', 'Rojo', '2023', '2027', 1, 0, 0, '2023-04-23 07:27:34', '2023-04-23 07:27:34'),
(68, 1, 'Africana', 'Amarillo', '2022', '2026', 1, 0, 1, '2023-04-23 07:27:34', '2023-04-23 07:27:34'),
(69, 1, 'Cárnica', 'Amarillo', '2022', '2026', 1, 0, 1, '2023-04-23 07:27:34', '2023-04-23 07:27:34'),
(70, 1, 'Ibérica', 'Rojo', '2023', '2027', 1, 0, 1, '2023-04-23 07:27:34', '2023-04-23 07:27:34'),
(71, 1, 'Cárnica', 'Amarillo', '2022', '2026', 1, 0, 0, '2023-04-23 07:27:34', '2023-04-23 07:27:34'),
(72, 1, 'Ibérica', 'Amarillo', '2022', '2026', 1, 1, 0, '2023-04-23 07:27:34', '2023-04-23 07:27:34'),
(73, 1, 'Africana', 'Azul', '2020', '2024', 1, 1, 0, '2023-04-23 07:27:34', '2023-04-23 07:27:34'),
(74, 1, 'Ibérica', 'Verde', '2019', '2023', 1, 1, 0, '2023-04-23 07:27:34', '2023-04-23 07:27:34'),
(75, 1, 'Africana', 'Blanco', '2021', '2025', 1, 1, 0, '2023-04-23 07:27:34', '2023-04-23 07:27:34'),
(76, 1, 'Cárnica', 'Verde', '2019', '2023', 1, 1, 0, '2023-04-23 07:27:34', '2023-04-23 07:27:34'),
(77, 1, 'Europea', 'Blanco', '2021', '2025', 1, 0, 1, '2023-04-23 07:27:34', '2023-04-23 07:27:34'),
(78, 1, 'Cárnica', 'Rojo', '2023', '2027', 1, 0, 1, '2023-04-23 07:27:34', '2023-04-23 07:27:34'),
(79, 1, 'Cárnica', 'Blanco', '2021', '2025', 1, 0, 1, '2023-04-23 07:27:34', '2023-04-23 07:27:34'),
(80, 1, 'Cárnica', 'Amarillo', '2022', '2026', 1, 1, 0, '2023-04-23 07:27:34', '2023-04-23 07:27:34'),
(81, 1, 'Europea', 'Azul', '2020', '2024', 1, 0, 1, '2023-04-23 07:27:34', '2023-04-23 07:27:34'),
(82, 1, 'Italiana', 'Amarillo', '2022', '2026', 1, 1, 0, '2023-04-23 07:27:34', '2023-04-23 07:27:34'),
(83, 1, 'Europea', 'Verde', '2019', '2023', 1, 0, 0, '2023-04-23 07:27:34', '2023-04-23 07:27:34'),
(84, 1, 'Ibérica', 'Verde', '2019', '2023', 1, 1, 0, '2023-04-23 07:27:34', '2023-04-23 07:27:34'),
(85, 1, 'Cárnica', 'Rojo', '2023', '2027', 1, 0, 1, '2023-04-23 07:27:34', '2023-04-23 07:27:34'),
(86, 1, 'Italiana', 'Amarillo', '2022', '2026', 1, 1, 1, '2023-04-23 07:27:34', '2023-04-23 07:27:34'),
(87, 1, 'Africana', 'Azul', '2020', '2024', 1, 0, 0, '2023-04-23 07:27:34', '2023-04-23 07:27:34'),
(88, 1, 'Cárnica', 'Azul', '2020', '2024', 1, 1, 0, '2023-04-23 07:27:34', '2023-04-23 07:27:34'),
(89, 1, 'Ibérica', 'Rojo', '2023', '2027', 1, 1, 1, '2023-04-23 07:27:34', '2023-04-23 07:27:34'),
(90, 1, 'Italiana', 'Blanco', '2021', '2025', 1, 0, 0, '2023-04-23 07:27:34', '2023-04-23 07:27:34'),
(91, 1, 'Cárnica', 'Azul', '2020', '2024', 1, 0, 1, '2023-04-23 07:27:34', '2023-04-23 07:27:34'),
(92, 1, 'Cárnica', 'Verde', '2019', '2023', 1, 0, 1, '2023-04-23 07:27:34', '2023-04-23 07:27:34'),
(93, 1, 'Italiana', 'Verde', '2019', '2023', 1, 0, 0, '2023-04-23 07:27:34', '2023-04-23 07:27:34'),
(94, 1, 'Europea', 'Rojo', '2023', '2027', 1, 0, 1, '2023-04-23 07:27:34', '2023-04-23 07:27:34'),
(95, 1, 'Italiana', 'Azul', '2020', '2024', 1, 0, 0, '2023-04-23 07:27:34', '2023-04-23 07:27:34'),
(96, 1, 'Ibérica', 'Rojo', '2023', '2027', 1, 0, 0, '2023-04-23 07:27:34', '2023-04-23 07:27:34'),
(97, 1, 'Europea', 'Rojo', '2023', '2027', 1, 1, 0, '2023-04-23 07:27:34', '2023-04-23 07:27:34'),
(98, 1, 'Ibérica', 'Amarillo', '2022', '2026', 1, 1, 1, '2023-04-23 07:27:34', '2023-04-23 07:27:34'),
(99, 1, 'Ibérica', 'Amarillo', '2022', '2026', 1, 0, 1, '2023-04-23 07:27:34', '2023-04-23 07:27:34'),
(100, 1, 'Italiana', 'Verde', '2019', '2023', 1, 1, 1, '2023-04-23 07:27:34', '2023-04-23 07:27:34'),
(101, 1, 'Cárnica', 'Blanco', '2021', '2025', 1, 1, 0, '2023-04-23 07:27:34', '2023-04-23 07:27:34'),
(102, 1, 'Italiana', 'Rojo', '2023', '2027', 1, 0, 1, '2023-04-23 07:27:34', '2023-04-23 07:27:34'),
(103, 1, 'Cárnica', 'Blanco', '2021', '2025', 1, 0, 1, '2023-04-23 07:27:34', '2023-04-23 07:27:34'),
(104, 1, 'Italiana', 'Amarillo', '2022', '2026', 1, 0, 0, '2023-04-23 07:27:34', '2023-04-23 07:27:34'),
(105, 1, 'Africana', 'Rojo', '2023', '2027', 1, 0, 1, '2023-04-23 07:27:34', '2023-04-23 07:27:34'),
(106, 1, 'Cárnica', 'Amarillo', '2022', '2026', 1, 1, 0, '2023-04-23 07:27:34', '2023-04-23 07:27:34'),
(107, 1, 'Italiana', 'Blanco', '2021', '2025', 1, 1, 1, '2023-04-23 07:27:34', '2023-04-23 07:27:34'),
(108, 1, 'Ibérica', 'Azul', '2020', '2024', 1, 1, 1, '2023-04-23 07:27:34', '2023-04-23 07:27:34'),
(109, 1, 'Europea', 'Blanco', '2021', '2025', 1, 1, 1, '2023-04-23 07:27:34', '2023-04-23 07:27:34'),
(110, 1, 'Africana', 'Amarillo', '2022', '2026', 1, 0, 1, '2023-04-23 07:27:34', '2023-04-23 07:27:34'),
(111, 3, 'Ibérica', 'Rojo', '2023', '2028', 1, 0, 1, '2023-05-01 07:32:43', '2023-05-01 07:32:43');

-- --------------------------------------------------------

--
-- Estructura de tabla para la tabla `users`
--

CREATE TABLE `users` (
  `id` bigint(20) UNSIGNED NOT NULL,
  `explotation_code` varchar(255) COLLATE utf8mb4_unicode_ci NOT NULL,
  `name` varchar(255) COLLATE utf8mb4_unicode_ci NOT NULL,
  `surname` varchar(255) COLLATE utf8mb4_unicode_ci NOT NULL,
  `dni` varchar(255) COLLATE utf8mb4_unicode_ci NOT NULL,
  `email` varchar(255) COLLATE utf8mb4_unicode_ci NOT NULL,
  `email_verified_at` timestamp NULL DEFAULT NULL,
  `password` varchar(255) COLLATE utf8mb4_unicode_ci NOT NULL,
  `remember_token` varchar(100) COLLATE utf8mb4_unicode_ci DEFAULT NULL,
  `created_at` timestamp NULL DEFAULT NULL,
  `updated_at` timestamp NULL DEFAULT NULL
) ENGINE=InnoDB DEFAULT CHARSET=utf8mb4 COLLATE=utf8mb4_unicode_ci;

--
-- Volcado de datos para la tabla `users`
--

INSERT INTO `users` (`id`, `explotation_code`, `name`, `surname`, `dni`, `email`, `email_verified_at`, `password`, `remember_token`, `created_at`, `updated_at`) VALUES
(1, 'ES07031984', 'José Vicente', 'Falcó Milla', '33563120W', 'ocklaf@gmail.com', NULL, '$2y$10$VRq9Odu21zxink3ZI4ILtOSdfLRTIewT68vZmbcT2.ckCZswkGrc2', NULL, '2023-04-23 07:27:34', '2023-04-23 07:27:34'),
(2, 'ES09012010', 'Noble', 'Falcó', '19429630N', 'noble@gmail.com', NULL, '$2y$10$UDB69RjYxk.fHqfFFhy0cu1/Lv0/sKU3zTk24MJqrI2mwMk279mt6', NULL, '2023-05-01 07:19:47', '2023-05-01 07:19:47'),
(3, '123456789D', 'prueba', 'prueba', '77516661Z', 'prueba@prueba.com', NULL, '$2y$10$1X2PnyCDyblPC/q9KnTx3Ofl3SZt/iiHl4LDFqCCjzKcwYjeerBb.', NULL, '2023-05-01 07:31:23', '2023-05-01 07:31:23');

--
-- Índices para tablas volcadas
--

--
-- Indices de la tabla `apiaries`
--
ALTER TABLE `apiaries`
  ADD PRIMARY KEY (`id`),
  ADD UNIQUE KEY `apiaries_place_id_unique` (`place_id`),
  ADD KEY `apiaries_user_id_foreign` (`user_id`);

--
-- Indices de la tabla `beehives`
--
ALTER TABLE `beehives`
  ADD PRIMARY KEY (`id`),
  ADD KEY `beehives_user_id_foreign` (`user_id`),
  ADD KEY `beehives_apiary_id_foreign` (`apiary_id`),
  ADD KEY `beehives_queen_id_foreign` (`queen_id`);

--
-- Indices de la tabla `beehive_disease`
--
ALTER TABLE `beehive_disease`
  ADD PRIMARY KEY (`id`),
  ADD KEY `beehive_disease_beehive_id_foreign` (`beehive_id`),
  ADD KEY `beehive_disease_disease_id_foreign` (`disease_id`);

--
-- Indices de la tabla `beehive_product`
--
ALTER TABLE `beehive_product`
  ADD PRIMARY KEY (`id`),
  ADD KEY `beehive_product_beehive_id_foreign` (`beehive_id`),
  ADD KEY `beehive_product_product_id_foreign` (`product_id`);

--
-- Indices de la tabla `diseases`
--
ALTER TABLE `diseases`
  ADD PRIMARY KEY (`id`),
  ADD KEY `diseases_user_id_foreign` (`user_id`),
  ADD KEY `diseases_beehive_id_foreign` (`beehive_id`);

--
-- Indices de la tabla `failed_jobs`
--
ALTER TABLE `failed_jobs`
  ADD PRIMARY KEY (`id`),
  ADD UNIQUE KEY `failed_jobs_uuid_unique` (`uuid`);

--
-- Indices de la tabla `migrations`
--
ALTER TABLE `migrations`
  ADD PRIMARY KEY (`id`);

--
-- Indices de la tabla `password_reset_tokens`
--
ALTER TABLE `password_reset_tokens`
  ADD PRIMARY KEY (`email`);

--
-- Indices de la tabla `personal_access_tokens`
--
ALTER TABLE `personal_access_tokens`
  ADD PRIMARY KEY (`id`),
  ADD UNIQUE KEY `personal_access_tokens_token_unique` (`token`),
  ADD KEY `personal_access_tokens_tokenable_type_tokenable_id_index` (`tokenable_type`,`tokenable_id`);

--
-- Indices de la tabla `places`
--
ALTER TABLE `places`
  ADD PRIMARY KEY (`id`),
  ADD UNIQUE KEY `places_catastral_code_unique` (`catastral_code`),
  ADD KEY `places_user_id_foreign` (`user_id`);

--
-- Indices de la tabla `products`
--
ALTER TABLE `products`
  ADD PRIMARY KEY (`id`),
  ADD KEY `products_user_id_foreign` (`user_id`),
  ADD KEY `products_beehive_id_foreign` (`beehive_id`);

--
-- Indices de la tabla `queens`
--
ALTER TABLE `queens`
  ADD PRIMARY KEY (`id`),
  ADD KEY `queens_user_id_foreign` (`user_id`);

--
-- Indices de la tabla `users`
--
ALTER TABLE `users`
  ADD PRIMARY KEY (`id`),
  ADD UNIQUE KEY `users_explotation_code_unique` (`explotation_code`),
  ADD UNIQUE KEY `users_dni_unique` (`dni`),
  ADD UNIQUE KEY `users_email_unique` (`email`);

--
-- AUTO_INCREMENT de las tablas volcadas
--

--
-- AUTO_INCREMENT de la tabla `apiaries`
--
ALTER TABLE `apiaries`
  MODIFY `id` bigint(20) UNSIGNED NOT NULL AUTO_INCREMENT, AUTO_INCREMENT=9;

--
-- AUTO_INCREMENT de la tabla `beehives`
--
ALTER TABLE `beehives`
  MODIFY `id` bigint(20) UNSIGNED NOT NULL AUTO_INCREMENT, AUTO_INCREMENT=108;

--
-- AUTO_INCREMENT de la tabla `beehive_disease`
--
ALTER TABLE `beehive_disease`
  MODIFY `id` bigint(20) UNSIGNED NOT NULL AUTO_INCREMENT;

--
-- AUTO_INCREMENT de la tabla `beehive_product`
--
ALTER TABLE `beehive_product`
  MODIFY `id` bigint(20) UNSIGNED NOT NULL AUTO_INCREMENT;

--
-- AUTO_INCREMENT de la tabla `diseases`
--
ALTER TABLE `diseases`
  MODIFY `id` bigint(20) UNSIGNED NOT NULL AUTO_INCREMENT, AUTO_INCREMENT=9;

--
-- AUTO_INCREMENT de la tabla `failed_jobs`
--
ALTER TABLE `failed_jobs`
  MODIFY `id` bigint(20) UNSIGNED NOT NULL AUTO_INCREMENT;

--
-- AUTO_INCREMENT de la tabla `migrations`
--
ALTER TABLE `migrations`
  MODIFY `id` int(10) UNSIGNED NOT NULL AUTO_INCREMENT, AUTO_INCREMENT=1350;

--
-- AUTO_INCREMENT de la tabla `personal_access_tokens`
--
ALTER TABLE `personal_access_tokens`
  MODIFY `id` bigint(20) UNSIGNED NOT NULL AUTO_INCREMENT, AUTO_INCREMENT=14;

--
-- AUTO_INCREMENT de la tabla `places`
--
ALTER TABLE `places`
  MODIFY `id` bigint(20) UNSIGNED NOT NULL AUTO_INCREMENT, AUTO_INCREMENT=9;

--
-- AUTO_INCREMENT de la tabla `products`
--
ALTER TABLE `products`
  MODIFY `id` bigint(20) UNSIGNED NOT NULL AUTO_INCREMENT, AUTO_INCREMENT=541;

--
-- AUTO_INCREMENT de la tabla `queens`
--
ALTER TABLE `queens`
  MODIFY `id` bigint(20) UNSIGNED NOT NULL AUTO_INCREMENT, AUTO_INCREMENT=112;

--
-- AUTO_INCREMENT de la tabla `users`
--
ALTER TABLE `users`
  MODIFY `id` bigint(20) UNSIGNED NOT NULL AUTO_INCREMENT, AUTO_INCREMENT=4;

--
-- Restricciones para tablas volcadas
--

--
-- Filtros para la tabla `apiaries`
--
ALTER TABLE `apiaries`
  ADD CONSTRAINT `apiaries_place_id_foreign` FOREIGN KEY (`place_id`) REFERENCES `places` (`id`) ON DELETE CASCADE ON UPDATE CASCADE,
  ADD CONSTRAINT `apiaries_user_id_foreign` FOREIGN KEY (`user_id`) REFERENCES `users` (`id`) ON DELETE CASCADE ON UPDATE CASCADE;

--
-- Filtros para la tabla `beehives`
--
ALTER TABLE `beehives`
  ADD CONSTRAINT `beehives_apiary_id_foreign` FOREIGN KEY (`apiary_id`) REFERENCES `apiaries` (`id`) ON DELETE CASCADE ON UPDATE CASCADE,
  ADD CONSTRAINT `beehives_queen_id_foreign` FOREIGN KEY (`queen_id`) REFERENCES `queens` (`id`),
  ADD CONSTRAINT `beehives_user_id_foreign` FOREIGN KEY (`user_id`) REFERENCES `users` (`id`);

--
-- Filtros para la tabla `beehive_disease`
--
ALTER TABLE `beehive_disease`
  ADD CONSTRAINT `beehive_disease_beehive_id_foreign` FOREIGN KEY (`beehive_id`) REFERENCES `beehives` (`id`),
  ADD CONSTRAINT `beehive_disease_disease_id_foreign` FOREIGN KEY (`disease_id`) REFERENCES `diseases` (`id`);

--
-- Filtros para la tabla `beehive_product`
--
ALTER TABLE `beehive_product`
  ADD CONSTRAINT `beehive_product_beehive_id_foreign` FOREIGN KEY (`beehive_id`) REFERENCES `beehives` (`id`),
  ADD CONSTRAINT `beehive_product_product_id_foreign` FOREIGN KEY (`product_id`) REFERENCES `products` (`id`);

--
-- Filtros para la tabla `diseases`
--
ALTER TABLE `diseases`
  ADD CONSTRAINT `diseases_beehive_id_foreign` FOREIGN KEY (`beehive_id`) REFERENCES `beehives` (`id`) ON DELETE CASCADE ON UPDATE CASCADE,
  ADD CONSTRAINT `diseases_user_id_foreign` FOREIGN KEY (`user_id`) REFERENCES `users` (`id`);

--
-- Filtros para la tabla `places`
--
ALTER TABLE `places`
  ADD CONSTRAINT `places_user_id_foreign` FOREIGN KEY (`user_id`) REFERENCES `users` (`id`) ON DELETE CASCADE ON UPDATE CASCADE;

--
-- Filtros para la tabla `products`
--
ALTER TABLE `products`
  ADD CONSTRAINT `products_beehive_id_foreign` FOREIGN KEY (`beehive_id`) REFERENCES `beehives` (`id`) ON DELETE CASCADE ON UPDATE CASCADE,
  ADD CONSTRAINT `products_user_id_foreign` FOREIGN KEY (`user_id`) REFERENCES `users` (`id`);

--
-- Filtros para la tabla `queens`
--
ALTER TABLE `queens`
  ADD CONSTRAINT `queens_user_id_foreign` FOREIGN KEY (`user_id`) REFERENCES `users` (`id`) ON DELETE CASCADE ON UPDATE CASCADE;
COMMIT;

/*!40101 SET CHARACTER_SET_CLIENT=@OLD_CHARACTER_SET_CLIENT */;
/*!40101 SET CHARACTER_SET_RESULTS=@OLD_CHARACTER_SET_RESULTS */;
/*!40101 SET COLLATION_CONNECTION=@OLD_COLLATION_CONNECTION */;
